﻿<?xml version="1.0" encoding="utf-8"?>
<TextureAtlas imagePath="poly_bubble_talking.png">
	<!-- Created with Adobe Animate version 21.0.6.41649 -->
	<!-- http://www.adobe.com/products/animate.html -->
	<SubTexture name="AHH speech bubble0000" x="1947" y="395" width="1295" height="386" frameX="-9" frameY="-17" frameWidth="1315" frameHeight="435"/>
	<SubTexture name="AHH speech bubble0001" x="1947" y="395" width="1295" height="386" frameX="-9" frameY="-17" frameWidth="1315" frameHeight="435"/>
	<SubTexture name="AHH speech bubble0002" x="0" y="794" width="1283" height="395" frameX="0" frameY="-6" frameWidth="1315" frameHeight="435"/>
	<SubTexture name="AHH speech bubble0003" x="0" y="794" width="1283" height="395" frameX="0" frameY="-6" frameWidth="1315" frameHeight="435"/>
	<SubTexture name="AHH speech bubble0004" x="1283" y="794" width="1300" height="399" frameX="-15" frameY="0" frameWidth="1315" frameHeight="435"/>
	<SubTexture name="AHH speech bubble0005" x="1283" y="794" width="1300" height="399" frameX="-15" frameY="0" frameWidth="1315" frameHeight="435"/>
	<SubTexture name="Speech Bubble Normal Open0000" x="0" y="0" width="210" height="196" frameX="-775" frameY="-45" frameWidth="1151" frameHeight="435"/>
	<SubTexture name="Speech Bubble Normal Open0001" x="210" y="0" width="498" height="310" frameX="-612" frameY="0" frameWidth="1151" frameHeight="435"/>
	<SubTexture name="Speech Bubble Normal Open0002" x="210" y="0" width="498" height="310" frameX="-612" frameY="0" frameWidth="1151" frameHeight="435"/>
	<SubTexture name="Speech Bubble Normal Open0003" x="708" y="0" width="1133" height="386" frameX="-10" frameY="-49" frameWidth="1151" frameHeight="435"/>
	<SubTexture name="Speech Bubble Normal Open0004" x="708" y="0" width="1133" height="386" frameX="-10" frameY="-49" frameWidth="1151" frameHeight="435"/>
	<SubTexture name="Speech Bubble Normal Open0005" x="1841" y="0" width="1122" height="395" frameX="-29" frameY="-38" frameWidth="1151" frameHeight="435"/>
	<SubTexture name="Speech Bubble Normal Open0006" x="1841" y="0" width="1122" height="395" frameX="-29" frameY="-38" frameWidth="1151" frameHeight="435"/>
	<SubTexture name="Speech Bubble Normal Open0007" x="0" y="395" width="1139" height="399" frameX="0" frameY="-32" frameWidth="1151" frameHeight="435"/>
	<SubTexture name="Speech Bubble Normal Open0008" x="0" y="395" width="1139" height="399" frameX="0" frameY="-32" frameWidth="1151" frameHeight="435"/>
	<SubTexture name="speech bubble loud open0000" x="1139" y="395" width="240" height="196" frameX="-189" frameY="-45" frameWidth="1315" frameHeight="435"/>
	<SubTexture name="speech bubble loud open0001" x="1379" y="395" width="568" height="310" frameX="-47" frameY="0" frameWidth="1315" frameHeight="435"/>
	<SubTexture name="speech bubble loud open0002" x="1379" y="395" width="568" height="310" frameX="-47" frameY="0" frameWidth="1315" frameHeight="435"/>
	<SubTexture name="speech bubble loud open0003" x="1947" y="395" width="1295" height="386" frameX="-9" frameY="-49" frameWidth="1315" frameHeight="435"/>
	<SubTexture name="speech bubble loud open0004" x="1947" y="395" width="1295" height="386" frameX="-9" frameY="-49" frameWidth="1315" frameHeight="435"/>
	<SubTexture name="speech bubble loud open0005" x="0" y="794" width="1283" height="395" frameX="0" frameY="-38" frameWidth="1315" frameHeight="435"/>
	<SubTexture name="speech bubble loud open0006" x="0" y="794" width="1283" height="395" frameX="0" frameY="-38" frameWidth="1315" frameHeight="435"/>
	<SubTexture name="speech bubble loud open0007" x="1283" y="794" width="1300" height="399" frameX="-15" frameY="-32" frameWidth="1315" frameHeight="435"/>
	<SubTexture name="speech bubble loud open0008" x="1283" y="794" width="1300" height="399" frameX="-15" frameY="-32" frameWidth="1315" frameHeight="435"/>
	<SubTexture name="speech bubble loud open0009" x="1283" y="794" width="1300" height="399" frameX="-15" frameY="-32" frameWidth="1315" frameHeight="435"/>
	<SubTexture name="speech bubble normal0000" x="708" y="0" width="1133" height="386" frameX="-10" frameY="-17" frameWidth="1151" frameHeight="435"/>
	<SubTexture name="speech bubble normal0001" x="708" y="0" width="1133" height="386" frameX="-10" frameY="-17" frameWidth="1151" frameHeight="435"/>
	<SubTexture name="speech bubble normal0002" x="1841" y="0" width="1122" height="395" frameX="-29" frameY="-6" frameWidth="1151" frameHeight="435"/>
	<SubTexture name="speech bubble normal0003" x="1841" y="0" width="1122" height="395" frameX="-29" frameY="-6" frameWidth="1151" frameHeight="435"/>
	<SubTexture name="speech bubble normal0004" x="0" y="395" width="1139" height="399" frameX="0" frameY="0" frameWidth="1151" frameHeight="435"/>
	<SubTexture name="speech bubble normal0005" x="0" y="395" width="1139" height="399" frameX="0" frameY="0" frameWidth="1151" frameHeight="435"/>
</TextureAtlas>
