{"song":{"player1":"bf","player2":"poly","notes":[{"typeOfSection":0,"lengthInSteps":16,"sectionNotes":[],"altAnim":false,"mustHitSection":true,"bpm":170},{"typeOfSection":0,"lengthInSteps":16,"sectionNotes":[],"altAnim":false,"mustHitSection":true,"bpm":170},{"typeOfSection":0,"lengthInSteps":16,"sectionNotes":[],"altAnim":false,"mustHitSection":true,"bpm":170},{"typeOfSection":0,"lengthInSteps":16,"sectionNotes":[],"altAnim":false,"mustHitSection":true,"bpm":170},{"typeOfSection":0,"lengthInSteps":16,"sectionNotes":[],"altAnim":false,"mustHitSection":true,"bpm":170},{"typeOfSection":0,"lengthInSteps":16,"sectionNotes":[],"altAnim":false,"mustHitSection":true,"bpm":170},{"typeOfSection":0,"lengthInSteps":16,"sectionNotes":[],"altAnim":false,"mustHitSection":true,"bpm":170},{"typeOfSection":0,"lengthInSteps":16,"sectionNotes":[],"altAnim":false,"mustHitSection":true,"bpm":170},{"typeOfSection":0,"lengthInSteps":16,"sectionNotes":[[12352.942,0,0],[11294.1176470588,2,0],[12000,1,0]],"altAnim":false,"mustHitSection":false,"bpm":170},{"typeOfSection":0,"lengthInSteps":16,"sectionNotes":[[12705.883,1,0],[13411.7647058824,2,0],[13764.7058823529,3,0],[13941.1764705882,0,397.058823529412]],"altAnim":false,"mustHitSection":false,"bpm":170},{"typeOfSection":0,"lengthInSteps":16,"sectionNotes":[[14823.53,2,0],[14470.5882352941,0,0]],"altAnim":false,"mustHitSection":false,"bpm":170},{"typeOfSection":0,"lengthInSteps":16,"sectionNotes":[[15529.4117647059,3,0],[15882.3529411765,1,0],[16764.7058823529,1,397.058823529412],[16588.2352941176,0,0]],"altAnim":false,"mustHitSection":false,"bpm":170},{"typeOfSection":0,"lengthInSteps":16,"sectionNotes":[[17647.0588235294,1,0],[17294.1176470588,3,0]],"altAnim":false,"mustHitSection":false,"bpm":170},{"typeOfSection":0,"lengthInSteps":16,"sectionNotes":[[19411.765,2,0],[18352.9411764706,0,0],[18705.8823529412,2,0],[19588.2352941176,0,1455.88235294118]],"altAnim":false,"mustHitSection":false,"bpm":170},{"typeOfSection":0,"lengthInSteps":16,"sectionNotes":[],"altAnim":false,"mustHitSection":false,"bpm":170},{"typeOfSection":0,"lengthInSteps":16,"sectionNotes":[[21176.4705882353,0,0],[21705.8823529412,0,0],[21352.9411764706,3,0],[22058.8235294118,2,0]],"altAnim":false,"mustHitSection":false,"bpm":170},{"typeOfSection":0,"lengthInSteps":16,"sectionNotes":[[23647.059,0,0],[22588.2352941176,2,0],[22941.1764705882,3,0]],"altAnim":false,"mustHitSection":true,"bpm":170},{"typeOfSection":0,"lengthInSteps":16,"sectionNotes":[[24000,1,0],[25058.8235294118,3,0],[25235.2941176471,0,397.058823529412],[24705.8823529412,2,0]],"altAnim":false,"mustHitSection":true,"bpm":170},{"typeOfSection":0,"lengthInSteps":16,"sectionNotes":[[25764.7058823529,3,0],[26117.6470588235,1,0]],"altAnim":false,"mustHitSection":true,"bpm":170},{"typeOfSection":0,"lengthInSteps":16,"sectionNotes":[[26823.5294117647,0,0],[27176.4705882353,2,0],[28058.8235294118,1,397.058823529412],[27882.3529411765,3,0]],"altAnim":false,"mustHitSection":true,"bpm":170},{"typeOfSection":0,"lengthInSteps":16,"sectionNotes":[[28588.2352941176,3,0],[29294.1176470588,2,0]],"altAnim":false,"mustHitSection":true,"bpm":170},{"typeOfSection":0,"lengthInSteps":16,"sectionNotes":[[29647.059,0,0],[30000,2,0],[30705.8823529412,2,0],[30882.3529411765,0,1455.88235294118]],"altAnim":false,"mustHitSection":true,"bpm":170},{"typeOfSection":0,"lengthInSteps":16,"sectionNotes":[],"altAnim":false,"mustHitSection":true,"bpm":170},{"typeOfSection":0,"lengthInSteps":16,"sectionNotes":[[32470.589,0,0],[33000,0,0],[32647.0588235294,3,0],[33352.9411764706,1,0]],"altAnim":false,"mustHitSection":true,"bpm":170},{"typeOfSection":0,"lengthInSteps":16,"sectionNotes":[[33882.353,3,0],[34941.177,0,0],[34411.7647058823,1,397.058823529412],[34235.2941176471,1,0]],"altAnim":false,"mustHitSection":false,"bpm":170},{"typeOfSection":0,"lengthInSteps":16,"sectionNotes":[[35294.1176470588,0,0],[36352.9411764706,3,0],[35823.5294117647,1,397.058823529412],[35647.0588235294,1,0]],"altAnim":false,"mustHitSection":false,"bpm":170},{"typeOfSection":0,"lengthInSteps":16,"sectionNotes":[[36705.8823529412,1,0],[37235.294117647,3,1102.94117647059],[37058.8235294118,0,0]],"altAnim":false,"mustHitSection":false,"bpm":170},{"typeOfSection":0,"lengthInSteps":16,"sectionNotes":[[38470.5882352941,2,0],[38823.5294117647,3,0],[39176.4705882353,0,0]],"altAnim":false,"mustHitSection":false,"bpm":170},{"typeOfSection":0,"lengthInSteps":16,"sectionNotes":[[40588.236,0,0],[39529.4117647059,3,0],[40058.8235294117,2,397.058823529412],[39882.3529411765,3,0]],"altAnim":false,"mustHitSection":true,"bpm":170},{"typeOfSection":0,"lengthInSteps":16,"sectionNotes":[[40941.177,0,0],[42000,3,0],[41470.5882352941,2,397.058823529412],[41294.1176470588,0,0]],"altAnim":false,"mustHitSection":true,"bpm":170},{"typeOfSection":0,"lengthInSteps":16,"sectionNotes":[[42352.9411764706,1,0],[42705.8823529412,3,0],[42882.3529411764,0,1102.94117647059]],"altAnim":false,"mustHitSection":true,"bpm":170},{"typeOfSection":0,"lengthInSteps":16,"sectionNotes":[[44470.589,0,0],[44117.6470588235,2,0],[44823.5294117647,3,0]],"altAnim":false,"mustHitSection":true,"bpm":170},{"typeOfSection":0,"lengthInSteps":16,"sectionNotes":[[45176.471,3,0],[45705.8823529411,3,0],[46058.8235294117,2,0]],"altAnim":false,"mustHitSection":false,"bpm":170},{"typeOfSection":0,"lengthInSteps":16,"sectionNotes":[[46588.236,0,0],[47117.6470588235,0,0],[47470.5882352941,1,0],[47823.5294117647,1,0]],"altAnim":false,"mustHitSection":false,"bpm":170},{"typeOfSection":0,"lengthInSteps":16,"sectionNotes":[[48529.4117647058,1,0],[48882.3529411764,3,0],[49235.294117647,3,0]],"altAnim":false,"mustHitSection":false,"bpm":170},{"typeOfSection":0,"lengthInSteps":16,"sectionNotes":[[49764.7058823529,0,0],[50294.1176470588,2,0],[49588.2352941176,3,0],[50647.0588235294,0,0]],"altAnim":false,"mustHitSection":false,"bpm":170},{"typeOfSection":0,"lengthInSteps":16,"sectionNotes":[[50823.53,0,0],[51352.942,0,0],[51705.8823529411,2,0]],"altAnim":false,"mustHitSection":true,"bpm":170},{"typeOfSection":0,"lengthInSteps":16,"sectionNotes":[[52235.294117647,3,0],[52764.7058823529,3,0],[53117.6470588235,1,0]],"altAnim":false,"mustHitSection":true,"bpm":170},{"typeOfSection":0,"lengthInSteps":16,"sectionNotes":[[53647.0588235294,2,0],[54176.4705882352,2,0],[54529.4117647058,0,0]],"altAnim":false,"mustHitSection":true,"bpm":170},{"typeOfSection":0,"lengthInSteps":16,"sectionNotes":[[55058.8235294117,3,0],[55764.7058823529,3,0],[55235.294117647,0,0],[55588.2352941176,1,0],[56117.6470588235,2,0]],"altAnim":false,"mustHitSection":true,"bpm":170},{"typeOfSection":0,"lengthInSteps":16,"sectionNotes":[[56470.5882352941,1,1279.41176470588]],"altAnim":false,"mustHitSection":true,"bpm":170},{"typeOfSection":0,"lengthInSteps":16,"sectionNotes":[[57882.3529411764,2,926.470588235294],[58941.1764705882,3,220.588235294118]],"altAnim":false,"mustHitSection":true,"bpm":170},{"typeOfSection":0,"lengthInSteps":16,"sectionNotes":[[59294.1176470588,0,1279.41176470588]],"altAnim":false,"mustHitSection":true,"bpm":170},{"typeOfSection":0,"lengthInSteps":16,"sectionNotes":[[60705.883,0,0],[61411.765,0,0],[61235.294117647,1,0],[61764.7058823529,2,0],[60882.3529411764,3,0]],"altAnim":false,"mustHitSection":true,"bpm":170},{"typeOfSection":0,"lengthInSteps":16,"sectionNotes":[[62117.6470588235,2,1279.41176470588]],"altAnim":false,"mustHitSection":true,"bpm":170},{"typeOfSection":0,"lengthInSteps":16,"sectionNotes":[[63529.4117647058,1,1279.41176470588]],"altAnim":false,"mustHitSection":true,"bpm":170},{"typeOfSection":0,"lengthInSteps":16,"sectionNotes":[[64941.1764705882,0,1279.41176470588]],"altAnim":false,"mustHitSection":true,"bpm":170},{"typeOfSection":0,"lengthInSteps":16,"sectionNotes":[[66352.9411764705,3,0],[66882.3529411764,3,0],[67058.8235294117,1,0],[67411.7647058823,0,0]],"altAnim":false,"mustHitSection":true,"bpm":170},{"typeOfSection":0,"lengthInSteps":16,"sectionNotes":[[68911.765,2,0],[68558.8235294117,3,0],[67764.7058823529,0,0],[67764.7058823529,4,1279.41176470588],[67941.1764705882,3,0],[69088.2352941176,0,0]],"altAnim":false,"mustHitSection":false,"bpm":170},{"typeOfSection":0,"lengthInSteps":16,"sectionNotes":[[69617.6470588235,3,0],[69176.4705882352,6,926.470588235294],[70235.294117647,7,220.588235294118],[69352.9411764705,0,0],[69970.588235294,3,0],[70147.0588235293,1,0],[70499.9999999999,2,0]],"altAnim":false,"mustHitSection":false,"bpm":170},{"typeOfSection":0,"lengthInSteps":16,"sectionNotes":[[71382.353,1,0],[71029.4117647058,2,0],[71735.294117647,2,0],[71911.7647058823,0,0],[70588.2352941176,5,1279.41176470588],[70676.4705882352,0,0]],"altAnim":false,"mustHitSection":false,"bpm":170},{"typeOfSection":0,"lengthInSteps":16,"sectionNotes":[[72176.4705882352,2,0],[72529.4117647058,2,0],[72882.3529411764,1,0],[73058.8235294117,7,0],[73235.294117647,1,0],[72705.8823529411,4,0],[72352.9411764705,7,0],[71999.9999999999,4,0]],"altAnim":false,"mustHitSection":false,"bpm":170},{"typeOfSection":0,"lengthInSteps":16,"sectionNotes":[[74205.8823529411,0,0],[74735.294117647,3,0],[73411.7647058823,0,0],[73588.2352941176,3,0],[73411.7647058823,5,1279.41176470588],[74558.8235294117,2,0]],"altAnim":false,"mustHitSection":false,"bpm":170},{"typeOfSection":0,"lengthInSteps":16,"sectionNotes":[[75264.7058823528,0,0],[75617.6470588234,3,0],[76147.0588235293,1,0],[74823.5294117646,4,1279.41176470588],[74999.9999999999,1,0],[75794.1176470587,0,0]],"altAnim":false,"mustHitSection":false,"bpm":170},{"typeOfSection":0,"lengthInSteps":16,"sectionNotes":[[77558.8235294117,0,0],[77382.3529411764,1,0],[76235.294117647,7,1279.41176470588],[76323.5294117646,3,0],[76676.4705882352,0,0],[77029.4117647058,2,0]],"altAnim":false,"mustHitSection":false,"bpm":170},{"typeOfSection":0,"lengthInSteps":16,"sectionNotes":[[78882.3529411764,4,0],[78705.8823529411,2,0],[78352.9411764705,1,0],[77999.9999999999,2,0],[77647.0588235293,1,0],[77823.5294117646,7,0],[78176.4705882352,7,0],[78529.4117647058,4,0]],"altAnim":false,"mustHitSection":false,"bpm":170},{"typeOfSection":0,"lengthInSteps":16,"sectionNotes":[[79058.824,0,0],[79411.765,3,0],[80117.648,3,0],[79764.7058823528,1,0]],"altAnim":false,"mustHitSection":false,"bpm":170},{"typeOfSection":0,"lengthInSteps":16,"sectionNotes":[[80470.589,3,0],[80823.53,0,0],[81529.4117647058,0,0],[81176.4705882352,2,0],[81705.8823529411,3,397.058823529412]],"altAnim":false,"mustHitSection":false,"bpm":170},{"typeOfSection":0,"lengthInSteps":16,"sectionNotes":[[82235.295,1,0],[82588.2352941175,2,0],[82941.1764705881,0,0]],"altAnim":false,"mustHitSection":false,"bpm":170},{"typeOfSection":0,"lengthInSteps":16,"sectionNotes":[[83294.1176470587,3,0],[83647.0588235293,2,0],[83999.9999999999,0,0],[84352.9411764705,1,0],[84529.4117647058,3,397.058823529412]],"altAnim":false,"mustHitSection":false,"bpm":170},{"typeOfSection":0,"lengthInSteps":16,"sectionNotes":[[85764.7058823528,0,0],[85411.7647058822,2,0],[85058.8235294116,1,0]],"altAnim":false,"mustHitSection":false,"bpm":170},{"typeOfSection":0,"lengthInSteps":16,"sectionNotes":[[86823.5294117646,1,0],[86117.6470588234,0,0],[86470.588235294,3,0],[87176.4705882352,0,0],[87352.9411764705,2,1455.88235294118]],"altAnim":false,"mustHitSection":false,"bpm":170},{"typeOfSection":0,"lengthInSteps":16,"sectionNotes":[],"altAnim":false,"mustHitSection":false,"bpm":170},{"typeOfSection":0,"lengthInSteps":16,"sectionNotes":[[88941.1764705881,2,0],[89823.5294117646,3,0],[89470.588235294,1,0],[89117.6470588234,0,0]],"altAnim":false,"mustHitSection":false,"bpm":170},{"typeOfSection":0,"lengthInSteps":16,"sectionNotes":[[90352.942,0,0],[90705.882352941,3,0],[91411.7647058822,3,0],[91058.8235294116,2,0]],"altAnim":false,"mustHitSection":true,"bpm":170},{"typeOfSection":0,"lengthInSteps":16,"sectionNotes":[[92117.648,0,0],[92823.5294117646,0,0],[91764.7058823528,3,0],[92470.588235294,1,0],[92999.9999999999,3,397.058823529412]],"altAnim":false,"mustHitSection":true,"bpm":170},{"typeOfSection":0,"lengthInSteps":16,"sectionNotes":[[94235.295,0,0],[93529.4117647057,1,0],[93882.3529411763,2,0]],"altAnim":false,"mustHitSection":true,"bpm":170},{"typeOfSection":0,"lengthInSteps":16,"sectionNotes":[[94588.2352941175,3,0],[95294.1176470587,0,0],[94941.1764705881,1,0],[95647.0588235293,2,0],[95823.5294117646,3,397.058823529412]],"altAnim":false,"mustHitSection":true,"bpm":170},{"typeOfSection":0,"lengthInSteps":16,"sectionNotes":[[97058.824,0,0],[96352.9411764704,1,0],[96705.882352941,2,0]],"altAnim":false,"mustHitSection":true,"bpm":170},{"typeOfSection":0,"lengthInSteps":16,"sectionNotes":[[97411.7647058822,1,0],[97764.7058823528,3,0],[98117.6470588234,1,0],[98470.588235294,0,0],[98647.0588235293,2,1455.88235294118]],"altAnim":false,"mustHitSection":true,"bpm":170},{"typeOfSection":0,"lengthInSteps":16,"sectionNotes":[],"altAnim":false,"mustHitSection":true,"bpm":170},{"typeOfSection":0,"lengthInSteps":16,"sectionNotes":[[100235.294117647,2,0],[101117.647058823,3,0],[100588.235294117,3,0],[100764.705882353,1,0]],"altAnim":false,"mustHitSection":true,"bpm":170},{"typeOfSection":0,"lengthInSteps":16,"sectionNotes":[[101647.058823529,0,0],[102176.470588235,3,397.058823529412],[102000,0,0],[102705.882352941,1,0]],"altAnim":false,"mustHitSection":false,"bpm":170},{"typeOfSection":0,"lengthInSteps":16,"sectionNotes":[[103411.765,1,0],[103058.823529412,0,0],[103588.235294117,3,397.058823529412],[104117.647058823,0,0]],"altAnim":false,"mustHitSection":false,"bpm":170},{"typeOfSection":0,"lengthInSteps":16,"sectionNotes":[[104823.529411765,2,0],[105000,0,1102.94117647059],[104470.588235294,2,0]],"altAnim":false,"mustHitSection":false,"bpm":170},{"typeOfSection":0,"lengthInSteps":16,"sectionNotes":[[106235.294117647,3,0],[106588.235294117,1,0],[106941.176470588,2,0]],"altAnim":false,"mustHitSection":false,"bpm":170},{"typeOfSection":0,"lengthInSteps":16,"sectionNotes":[[107294.117647059,0,0],[107823.529411765,3,397.058823529412],[107647.058823529,2,0],[108352.94117647,1,0]],"altAnim":false,"mustHitSection":true,"bpm":170},{"typeOfSection":0,"lengthInSteps":16,"sectionNotes":[[108705.883,0,0],[109058.823529412,2,0],[109764.705882353,3,0],[109235.294117647,3,397.058823529412]],"altAnim":false,"mustHitSection":true,"bpm":170},{"typeOfSection":0,"lengthInSteps":16,"sectionNotes":[[110117.647058823,1,0],[110470.588235294,2,0],[110647.058823529,0,1102.94117647059]],"altAnim":false,"mustHitSection":true,"bpm":170},{"typeOfSection":0,"lengthInSteps":16,"sectionNotes":[[112588.235294117,1,0],[112235.294117647,2,0],[111882.352941176,0,0]],"altAnim":false,"mustHitSection":true,"bpm":170},{"typeOfSection":0,"lengthInSteps":16,"sectionNotes":[[112941.177,1,0],[113294.118,2,0],[113647.059,0,0],[114000,3,0]],"altAnim":false,"mustHitSection":false,"bpm":170},{"typeOfSection":0,"lengthInSteps":16,"sectionNotes":[[114705.883,1,0],[115058.824,3,0],[115411.765,0,0],[114352.94117647,2,0],[115588.235294117,3,397.058823529412]],"altAnim":false,"mustHitSection":false,"bpm":170},{"typeOfSection":0,"lengthInSteps":16,"sectionNotes":[[116117.647058823,0,0],[116470.588235294,2,0],[116823.529411765,1,0]],"altAnim":false,"mustHitSection":false,"bpm":170},{"typeOfSection":0,"lengthInSteps":16,"sectionNotes":[[117176.471,2,0],[117529.412,1,0],[118235.295,1,0],[117882.352941176,0,0],[118411.764705882,3,397.058823529412]],"altAnim":false,"mustHitSection":false,"bpm":170},{"typeOfSection":0,"lengthInSteps":16,"sectionNotes":[[119647.058823529,2,0],[119294.117647059,1,0],[118941.176470588,2,0]],"altAnim":false,"mustHitSection":false,"bpm":170},{"typeOfSection":0,"lengthInSteps":16,"sectionNotes":[[120000,2,0],[120705.882352941,3,0],[120352.94117647,1,0],[121058.823529412,0,0],[121235.294117647,1,1455.88235294118]],"altAnim":false,"mustHitSection":false,"bpm":170},{"typeOfSection":0,"lengthInSteps":16,"sectionNotes":[],"altAnim":false,"mustHitSection":false,"bpm":170},{"typeOfSection":0,"lengthInSteps":16,"sectionNotes":[[122823.53,3,0],[123705.883,1,0],[123176.470588235,0,0],[123352.94117647,2,0]],"altAnim":false,"mustHitSection":false,"bpm":170},{"typeOfSection":0,"lengthInSteps":16,"sectionNotes":[[124235.294117647,0,0],[124588.235294117,3,0],[124941.176470588,1,0],[125294.117647059,2,0]],"altAnim":false,"mustHitSection":true,"bpm":170},{"typeOfSection":0,"lengthInSteps":16,"sectionNotes":[[125647.058823529,3,0],[126000,0,0],[126352.94117647,2,0],[126705.882352941,1,0],[126882.352941176,0,397.058823529412]],"altAnim":false,"mustHitSection":true,"bpm":170},{"typeOfSection":0,"lengthInSteps":16,"sectionNotes":[[127764.705882353,2,0],[128117.647058823,1,0],[127411.764705882,3,0]],"altAnim":false,"mustHitSection":true,"bpm":170},{"typeOfSection":0,"lengthInSteps":16,"sectionNotes":[[129176.471,0,0],[128470.588235294,2,0],[128823.529411764,1,0],[129529.411764706,1,0],[129705.882352941,3,397.058823529412]],"altAnim":false,"mustHitSection":true,"bpm":170},{"typeOfSection":0,"lengthInSteps":16,"sectionNotes":[[130235.294117647,2,0],[130588.235294117,1,0],[130941.176470588,2,0]],"altAnim":false,"mustHitSection":true,"bpm":170},{"typeOfSection":0,"lengthInSteps":16,"sectionNotes":[[132352.942,0,0],[132000,3,0],[131647.058823529,2,0],[131294.117647059,1,0],[132529.411764706,2,1455.88235294118]],"altAnim":false,"mustHitSection":true,"bpm":170},{"typeOfSection":0,"lengthInSteps":16,"sectionNotes":[],"altAnim":false,"mustHitSection":true,"bpm":170},{"typeOfSection":0,"lengthInSteps":16,"sectionNotes":[[134117.647058823,3,0],[135000,2,0],[134470.588235294,1,0],[134647.058823529,0,0]],"altAnim":false,"mustHitSection":true,"bpm":170},{"typeOfSection":0,"lengthInSteps":16,"sectionNotes":[[135882.353,2,0],[135529.411764706,0,0],[136235.294117647,0,0],[136588.235294117,3,0]],"altAnim":false,"mustHitSection":false,"bpm":170},{"typeOfSection":0,"lengthInSteps":16,"sectionNotes":[[136941.176470588,3,0],[137294.117647059,2,0],[137647.058823529,3,0],[138000,0,0]],"altAnim":false,"mustHitSection":false,"bpm":170},{"typeOfSection":0,"lengthInSteps":16,"sectionNotes":[[138352.942,0,0],[138705.882352941,1,0],[139058.823529412,0,0],[139411.764705882,0,0]],"altAnim":false,"mustHitSection":false,"bpm":170},{"typeOfSection":0,"lengthInSteps":16,"sectionNotes":[[139764.705882353,1,0],[140117.647058823,1,0],[140470.588235294,2,0],[140823.529411764,2,0]],"altAnim":false,"mustHitSection":false,"bpm":170},{"typeOfSection":0,"lengthInSteps":16,"sectionNotes":[[141176.471,1,0],[141529.412,0,0],[142235.294117647,0,0],[141882.352941176,2,0]],"altAnim":false,"mustHitSection":false,"bpm":170},{"typeOfSection":0,"lengthInSteps":16,"sectionNotes":[[142588.236,0,0],[142941.177,3,0],[143294.118,0,0],[143647.058823529,1,0]],"altAnim":false,"mustHitSection":false,"bpm":170},{"typeOfSection":0,"lengthInSteps":16,"sectionNotes":[[144000,1,0],[144352.94117647,3,0],[145058.823529412,0,0],[144705.882352941,2,0]],"altAnim":false,"mustHitSection":false,"bpm":170},{"typeOfSection":0,"lengthInSteps":16,"sectionNotes":[[146117.648,1,0],[145411.764705882,0,0],[145764.705882353,1,0],[146470.588235294,2,0]],"altAnim":false,"mustHitSection":false,"bpm":170},{"typeOfSection":0,"lengthInSteps":16,"sectionNotes":[[146823.529411764,0,0],[147529.411764706,3,0],[147176.470588235,0,0],[147882.352941176,3,0],[147000,2,0]],"altAnim":false,"mustHitSection":true,"bpm":170},{"typeOfSection":0,"lengthInSteps":16,"sectionNotes":[[148235.295,0,0],[148941.177,0,0],[148588.235294117,3,0],[149294.117647059,3,0],[148411.764705882,1,0]],"altAnim":false,"mustHitSection":true,"bpm":170},{"typeOfSection":0,"lengthInSteps":16,"sectionNotes":[[149647.058823529,2,0],[150000,0,0],[150705.882352941,0,0],[150352.94117647,1,0],[149823.529411764,1,0]],"altAnim":false,"mustHitSection":true,"bpm":170},{"typeOfSection":0,"lengthInSteps":16,"sectionNotes":[[151058.823529411,3,0],[151411.764705882,3,0],[151764.705882353,1,0],[152117.647058823,3,0],[151235.294117647,2,0]],"altAnim":false,"mustHitSection":true,"bpm":170},{"typeOfSection":0,"lengthInSteps":16,"sectionNotes":[[152470.588235294,1,0],[152823.529411764,0,0],[153529.411764706,3,0],[153176.470588235,0,0],[152647.058823529,3,0]],"altAnim":false,"mustHitSection":true,"bpm":170},{"typeOfSection":0,"lengthInSteps":16,"sectionNotes":[[154235.295,0,0],[153882.352941176,3,0],[154588.235294117,2,0],[154941.176470588,3,0],[154058.823529411,2,0],[154764.705882353,1,0]],"altAnim":false,"mustHitSection":true,"bpm":170},{"typeOfSection":0,"lengthInSteps":16,"sectionNotes":[[155647.059,0,0],[156352.942,0,0],[155294.117647059,1,0],[156000,3,0],[155470.588235294,2,0],[156176.470588235,1,0]],"altAnim":false,"mustHitSection":true,"bpm":170},{"typeOfSection":0,"lengthInSteps":16,"sectionNotes":[[156705.882352941,0,0],[157411.764705882,0,0],[157058.823529411,1,0],[157764.705882353,2,0],[157588.235294117,3,0]],"altAnim":false,"mustHitSection":true,"bpm":170},{"typeOfSection":0,"lengthInSteps":16,"sectionNotes":[],"altAnim":false,"mustHitSection":true,"bpm":170},{"typeOfSection":0,"lengthInSteps":16,"sectionNotes":[],"altAnim":false,"mustHitSection":true,"bpm":170},{"typeOfSection":0,"lengthInSteps":16,"sectionNotes":[],"altAnim":false,"mustHitSection":true,"bpm":170},{"typeOfSection":0,"lengthInSteps":16,"sectionNotes":[],"altAnim":false,"mustHitSection":true,"bpm":170},{"typeOfSection":0,"lengthInSteps":16,"sectionNotes":[],"altAnim":false,"mustHitSection":true,"bpm":170},{"typeOfSection":0,"lengthInSteps":16,"sectionNotes":[],"altAnim":false,"mustHitSection":true,"bpm":170},{"typeOfSection":0,"lengthInSteps":16,"sectionNotes":[],"altAnim":false,"mustHitSection":true,"bpm":170},{"typeOfSection":0,"lengthInSteps":16,"sectionNotes":[],"altAnim":false,"mustHitSection":true,"bpm":170},{"typeOfSection":0,"lengthInSteps":16,"sectionNotes":[],"altAnim":false,"mustHitSection":true,"bpm":170},{"typeOfSection":0,"lengthInSteps":16,"sectionNotes":[],"altAnim":false,"mustHitSection":true,"bpm":170},{"typeOfSection":0,"lengthInSteps":16,"sectionNotes":[],"altAnim":false,"mustHitSection":true,"bpm":170},{"typeOfSection":0,"lengthInSteps":16,"sectionNotes":[],"altAnim":false,"mustHitSection":true,"bpm":170},{"typeOfSection":0,"lengthInSteps":16,"sectionNotes":[],"altAnim":false,"mustHitSection":true,"bpm":170},{"typeOfSection":0,"lengthInSteps":16,"sectionNotes":[],"altAnim":false,"mustHitSection":true,"bpm":170},{"typeOfSection":0,"lengthInSteps":16,"sectionNotes":[],"altAnim":false,"mustHitSection":true,"bpm":170},{"typeOfSection":0,"lengthInSteps":16,"sectionNotes":[],"altAnim":false,"mustHitSection":true,"bpm":170},{"typeOfSection":0,"lengthInSteps":16,"sectionNotes":[],"altAnim":false,"mustHitSection":true,"bpm":170},{"typeOfSection":0,"lengthInSteps":16,"sectionNotes":[],"altAnim":false,"mustHitSection":true,"bpm":170},{"typeOfSection":0,"lengthInSteps":16,"sectionNotes":[],"altAnim":false,"mustHitSection":true,"bpm":170},{"typeOfSection":0,"lengthInSteps":16,"sectionNotes":[],"altAnim":false,"mustHitSection":true,"bpm":170},{"typeOfSection":0,"lengthInSteps":16,"sectionNotes":[],"altAnim":false,"mustHitSection":true,"bpm":170},{"typeOfSection":0,"lengthInSteps":16,"sectionNotes":[],"altAnim":false,"mustHitSection":true,"bpm":170},{"typeOfSection":0,"lengthInSteps":16,"sectionNotes":[],"altAnim":false,"mustHitSection":true,"bpm":170},{"typeOfSection":0,"lengthInSteps":16,"sectionNotes":[],"altAnim":false,"mustHitSection":true,"bpm":170},{"typeOfSection":0,"lengthInSteps":16,"sectionNotes":[],"altAnim":false,"mustHitSection":true,"bpm":170},{"typeOfSection":0,"lengthInSteps":16,"sectionNotes":[],"altAnim":false,"mustHitSection":true,"bpm":170},{"typeOfSection":0,"lengthInSteps":16,"sectionNotes":[],"altAnim":false,"mustHitSection":true,"bpm":170},{"typeOfSection":0,"lengthInSteps":16,"sectionNotes":[],"altAnim":false,"mustHitSection":true,"bpm":170},{"typeOfSection":0,"lengthInSteps":16,"sectionNotes":[],"altAnim":false,"mustHitSection":true,"bpm":170},{"typeOfSection":0,"lengthInSteps":16,"sectionNotes":[],"altAnim":false,"mustHitSection":true,"bpm":170},{"typeOfSection":0,"lengthInSteps":16,"sectionNotes":[],"altAnim":false,"mustHitSection":true,"bpm":170},{"typeOfSection":0,"lengthInSteps":16,"sectionNotes":[],"altAnim":false,"mustHitSection":true,"bpm":170},{"typeOfSection":0,"lengthInSteps":16,"sectionNotes":[],"altAnim":false,"mustHitSection":true,"bpm":170},{"typeOfSection":0,"lengthInSteps":16,"sectionNotes":[],"altAnim":false,"mustHitSection":true,"bpm":170},{"typeOfSection":0,"lengthInSteps":16,"sectionNotes":[],"altAnim":false,"mustHitSection":true,"bpm":170},{"typeOfSection":0,"lengthInSteps":16,"sectionNotes":[],"altAnim":false,"mustHitSection":true,"bpm":170},{"typeOfSection":0,"lengthInSteps":16,"sectionNotes":[],"altAnim":false,"mustHitSection":true,"bpm":170},{"typeOfSection":0,"lengthInSteps":16,"sectionNotes":[],"altAnim":false,"mustHitSection":true,"bpm":170},{"typeOfSection":0,"lengthInSteps":16,"sectionNotes":[],"altAnim":false,"mustHitSection":true,"bpm":170},{"typeOfSection":0,"lengthInSteps":16,"sectionNotes":[],"altAnim":false,"mustHitSection":true,"bpm":170},{"typeOfSection":0,"lengthInSteps":16,"sectionNotes":[],"altAnim":false,"mustHitSection":true,"bpm":170},{"typeOfSection":0,"lengthInSteps":16,"sectionNotes":[],"altAnim":false,"mustHitSection":true,"bpm":170},{"typeOfSection":0,"lengthInSteps":16,"sectionNotes":[],"altAnim":false,"mustHitSection":true,"bpm":170},{"typeOfSection":0,"lengthInSteps":16,"sectionNotes":[],"altAnim":false,"mustHitSection":true,"bpm":170},{"typeOfSection":0,"lengthInSteps":16,"sectionNotes":[],"altAnim":false,"mustHitSection":true,"bpm":170},{"typeOfSection":0,"lengthInSteps":16,"sectionNotes":[],"altAnim":false,"mustHitSection":true,"bpm":170},{"typeOfSection":0,"lengthInSteps":16,"sectionNotes":[],"altAnim":false,"mustHitSection":true,"bpm":170},{"typeOfSection":0,"lengthInSteps":16,"sectionNotes":[],"altAnim":false,"mustHitSection":true,"bpm":170},{"typeOfSection":0,"lengthInSteps":16,"sectionNotes":[],"altAnim":false,"mustHitSection":true,"bpm":170},{"typeOfSection":0,"lengthInSteps":16,"sectionNotes":[],"altAnim":false,"mustHitSection":true,"bpm":170},{"typeOfSection":0,"lengthInSteps":16,"sectionNotes":[],"altAnim":false,"mustHitSection":true,"bpm":170},{"typeOfSection":0,"lengthInSteps":16,"sectionNotes":[],"altAnim":false,"mustHitSection":true,"bpm":170},{"typeOfSection":0,"lengthInSteps":16,"sectionNotes":[],"altAnim":false,"mustHitSection":true,"bpm":170},{"typeOfSection":0,"lengthInSteps":16,"sectionNotes":[],"altAnim":false,"mustHitSection":true,"bpm":170},{"typeOfSection":0,"lengthInSteps":16,"sectionNotes":[],"altAnim":false,"mustHitSection":true,"bpm":170},{"typeOfSection":0,"lengthInSteps":16,"sectionNotes":[],"altAnim":false,"mustHitSection":true,"bpm":170},{"typeOfSection":0,"lengthInSteps":16,"sectionNotes":[],"altAnim":false,"mustHitSection":true,"bpm":170},{"typeOfSection":0,"lengthInSteps":16,"sectionNotes":[],"altAnim":false,"mustHitSection":true,"bpm":170},{"typeOfSection":0,"lengthInSteps":16,"sectionNotes":[],"altAnim":false,"mustHitSection":true,"bpm":170},{"typeOfSection":0,"lengthInSteps":16,"sectionNotes":[],"altAnim":false,"mustHitSection":true,"bpm":170},{"typeOfSection":0,"lengthInSteps":16,"sectionNotes":[],"altAnim":false,"mustHitSection":true,"bpm":170},{"typeOfSection":0,"lengthInSteps":16,"sectionNotes":[],"altAnim":false,"mustHitSection":true,"bpm":170},{"typeOfSection":0,"lengthInSteps":16,"sectionNotes":[],"altAnim":false,"mustHitSection":true,"bpm":170},{"typeOfSection":0,"lengthInSteps":16,"sectionNotes":[],"altAnim":false,"mustHitSection":true,"bpm":170},{"typeOfSection":0,"lengthInSteps":16,"sectionNotes":[],"altAnim":false,"mustHitSection":true,"bpm":170},{"typeOfSection":0,"lengthInSteps":16,"sectionNotes":[],"altAnim":false,"mustHitSection":true,"bpm":170},{"typeOfSection":0,"lengthInSteps":16,"sectionNotes":[],"altAnim":false,"mustHitSection":true,"bpm":170},{"sectionNotes":[],"typeOfSection":0,"lengthInSteps":16,"altAnim":false,"mustHitSection":true,"changeBPM":false,"bpm":170},{"sectionNotes":[],"typeOfSection":0,"lengthInSteps":16,"altAnim":false,"mustHitSection":true,"changeBPM":false,"bpm":170},{"sectionNotes":[],"typeOfSection":0,"lengthInSteps":16,"altAnim":false,"mustHitSection":true,"changeBPM":false,"bpm":170},{"sectionNotes":[],"typeOfSection":0,"lengthInSteps":16,"altAnim":false,"mustHitSection":true,"changeBPM":false,"bpm":170},{"sectionNotes":[],"typeOfSection":0,"lengthInSteps":16,"altAnim":false,"mustHitSection":true,"changeBPM":false,"bpm":170},{"sectionNotes":[],"typeOfSection":0,"lengthInSteps":16,"altAnim":false,"mustHitSection":true,"changeBPM":false,"bpm":170},{"sectionNotes":[],"typeOfSection":0,"lengthInSteps":16,"altAnim":false,"mustHitSection":true,"changeBPM":false,"bpm":170},{"sectionNotes":[],"typeOfSection":0,"lengthInSteps":16,"altAnim":false,"mustHitSection":true,"changeBPM":false,"bpm":170},{"lengthInSteps":16,"typeOfSection":0,"sectionNotes":[],"altAnim":false,"bpm":170,"changeBPM":false,"mustHitSection":true},{"lengthInSteps":16,"typeOfSection":0,"sectionNotes":[],"altAnim":false,"bpm":170,"changeBPM":false,"mustHitSection":true},{"sectionNotes":[],"typeOfSection":0,"lengthInSteps":16,"altAnim":false,"mustHitSection":true,"changeBPM":false,"bpm":170},{"lengthInSteps":16,"typeOfSection":0,"sectionNotes":[],"altAnim":false,"bpm":170,"changeBPM":false,"mustHitSection":true},{"sectionNotes":[],"typeOfSection":0,"lengthInSteps":16,"altAnim":false,"mustHitSection":true,"changeBPM":false,"bpm":170},{"lengthInSteps":16,"typeOfSection":0,"sectionNotes":[],"altAnim":false,"bpm":170,"changeBPM":false,"mustHitSection":true},{"sectionNotes":[],"typeOfSection":0,"lengthInSteps":16,"altAnim":false,"mustHitSection":true,"changeBPM":false,"bpm":170},{"lengthInSteps":16,"altAnim":false,"typeOfSection":0,"sectionNotes":[],"bpm":170,"changeBPM":false,"mustHitSection":true}],"isHey":false,"cutsceneType":"none","song":"polygonal","isSpooky":false,"validScore":true,"speed":2,"isMoody":false,"sectionLengths":[],"uiType":"normal","stage":"polyMorning","sections":0,"needsVoices":true,"bpm":170,"gf":"gf"}}