{"name":null,"assets":"aoy4:pathy34:assets%2Fsongs%2Fbitwit%2FInst.oggy4:sizei2555996y4:typey5:MUSICy2:idR1goR0y36:assets%2Fsongs%2Fbitwit%2FVoices.oggR2i2143844R3R4R5R6goR0y35:assets%2Fsongs%2Fhexadec%2FInst.oggR2i6129178R3R4R5R7goR0y37:assets%2Fsongs%2Fhexadec%2FVoices.oggR2i5740157R3R4R5R8goR0y38:assets%2Fsongs%2Foffsettest%2FInst.oggR2i1129100R3R4R5R9goR0y37:assets%2Fsongs%2Fpolygonal%2FInst.oggR2i4148633R3R4R5R10goR0y39:assets%2Fsongs%2Fpolygonal%2FVoices.oggR2i3841508R3R4R5R11goR0y36:assets%2Fsongs%2Ftutorial%2FInst.oggR2i1129100R3R4R5R12gh","rootPath":"../","version":2,"libraryArgs":[],"libraryType":null}