{"name":null,"assets":"aoy4:pathy40:assets%2Fweek69%2F22%20french%20long.pngy4:sizei435995y4:typey5:IMAGEy2:idR1goR0y40:assets%2Fweek69%2Fboyfrien%20getawau.pngR2i144278R3R4R5R6goR0y34:assets%2Fweek69%2Fdrumsy%20run.pngR2i654141R3R4R5R7goR0y42:assets%2Fweek69%2FEye%20for%20an%20Eye.pngR2i1956905R3R4R5R8goR0y34:assets%2Fweek69%2Fgrab%20hands.pngR2i255989R3R4R5R9goR0y29:assets%2Fweek69%2Fhitman3.pngR2i1142221R3R4R5R10goR0y33:assets%2Fweek69%2Flook%20left.pngR2i2719751R3R4R5R11goR0y61:assets%2Fweek69%2FOld%20Poly%20%3B%29%29%29%2Fpoly_assets.pngR2i1724597R3R4R5R12goR0y61:assets%2Fweek69%2FOld%20Poly%20%3B%29%29%29%2Fpoly_assets.xmlR2i11075R3y4:TEXTR5R13goR0y32:assets%2Fweek69%2Fpoly%202.0.pngR2i172236R3R4R5R15goR0y34:assets%2Fweek69%2FRetroBopBruh.pngR2i96773R3R4R5R16goR0y31:assets%2Fweek69%2Fsaysanime.pngR2i140040R3R4R5R17goR0y30:assets%2Fweek69%2Fspelling.pngR2i24031R3R4R5R18goR0y28:assets%2Fweek69%2Fstatue.pngR2i99223R3R4R5R19goR0y29:assets%2Fweek69%2Fuh%20oh.pngR2i141218R3R4R5R20goR0y26:assets%2Fweek69%2Fyaya.jpgR2i65486R3R4R5R21gh","rootPath":"../","version":2,"libraryArgs":[],"libraryType":null}