﻿<?xml version="1.0" encoding="utf-8"?>
<TextureAtlas imagePath="poly_assets.png">
	<!-- Created with Adobe Animate version 21.0.6.41649 -->
	<!-- http://www.adobe.com/products/animate.html -->
	<SubTexture name="Dad Sing Note DOWN0000" x="0" y="0" width="1853" height="1547" frameX="-18" frameY="0" frameWidth="1871" frameHeight="1547"/>
	<SubTexture name="Dad Sing Note DOWN0001" x="0" y="0" width="1853" height="1547" frameX="-18" frameY="0" frameWidth="1871" frameHeight="1547"/>
	<SubTexture name="Dad Sing Note DOWN0002" x="1853" y="0" width="1871" height="1547"/>
	<SubTexture name="Dad Sing Note DOWN0003" x="1853" y="0" width="1871" height="1547"/>
	<SubTexture name="Dad Sing Note DOWN0004" x="3724" y="0" width="1871" height="1547"/>
	<SubTexture name="Dad Sing Note DOWN0005" x="3724" y="0" width="1871" height="1547"/>
	<SubTexture name="Dad Sing Note DOWN0006" x="1853" y="0" width="1871" height="1547"/>
	<SubTexture name="Dad Sing Note DOWN0007" x="1853" y="0" width="1871" height="1547"/>
	<SubTexture name="Dad Sing Note DOWN0008" x="3724" y="0" width="1871" height="1547"/>
	<SubTexture name="Dad Sing Note DOWN0009" x="3724" y="0" width="1871" height="1547"/>
	<SubTexture name="Dad Sing Note DOWN0010" x="1853" y="0" width="1871" height="1547"/>
	<SubTexture name="Dad Sing Note DOWN0011" x="1853" y="0" width="1871" height="1547"/>
	<SubTexture name="Dad Sing Note DOWN0012" x="3724" y="0" width="1871" height="1547"/>
	<SubTexture name="Dad Sing Note DOWN0013" x="3724" y="0" width="1871" height="1547"/>
	<SubTexture name="Dad Sing Note DOWN0014" x="3724" y="0" width="1871" height="1547"/>
	<SubTexture name="Dad Sing Note DOWN0015" x="3724" y="0" width="1871" height="1547"/>
	<SubTexture name="Dad Sing Note LEFT0000" x="5595" y="0" width="1852" height="1620"/>
	<SubTexture name="Dad Sing Note LEFT0001" x="5595" y="0" width="1852" height="1620"/>
	<SubTexture name="Dad Sing Note LEFT0002" x="0" y="1620" width="1852" height="1597" frameX="0" frameY="-12" frameWidth="1852" frameHeight="1620"/>
	<SubTexture name="Dad Sing Note LEFT0003" x="0" y="1620" width="1852" height="1597" frameX="0" frameY="-12" frameWidth="1852" frameHeight="1620"/>
	<SubTexture name="Dad Sing Note LEFT0004" x="5595" y="0" width="1852" height="1620"/>
	<SubTexture name="Dad Sing Note LEFT0005" x="5595" y="0" width="1852" height="1620"/>
	<SubTexture name="Dad Sing Note LEFT0006" x="0" y="1620" width="1852" height="1597" frameX="0" frameY="-12" frameWidth="1852" frameHeight="1620"/>
	<SubTexture name="Dad Sing Note LEFT0007" x="0" y="1620" width="1852" height="1597" frameX="0" frameY="-12" frameWidth="1852" frameHeight="1620"/>
	<SubTexture name="Dad Sing Note LEFT0008" x="5595" y="0" width="1852" height="1620"/>
	<SubTexture name="Dad Sing Note LEFT0009" x="5595" y="0" width="1852" height="1620"/>
	<SubTexture name="Dad Sing Note LEFT0010" x="0" y="1620" width="1852" height="1597" frameX="0" frameY="-12" frameWidth="1852" frameHeight="1620"/>
	<SubTexture name="Dad Sing Note LEFT0011" x="0" y="1620" width="1852" height="1597" frameX="0" frameY="-12" frameWidth="1852" frameHeight="1620"/>
	<SubTexture name="Dad Sing Note LEFT0012" x="5595" y="0" width="1852" height="1620"/>
	<SubTexture name="Dad Sing Note LEFT0013" x="5595" y="0" width="1852" height="1620"/>
	<SubTexture name="Dad Sing Note LEFT0014" x="0" y="1620" width="1852" height="1597" frameX="0" frameY="-12" frameWidth="1852" frameHeight="1620"/>
	<SubTexture name="Dad Sing Note LEFT0015" x="0" y="1620" width="1852" height="1597" frameX="0" frameY="-12" frameWidth="1852" frameHeight="1620"/>
	<SubTexture name="Dad Sing Note LEFT0016" x="5595" y="0" width="1852" height="1620"/>
	<SubTexture name="Dad Sing Note LEFT0017" x="5595" y="0" width="1852" height="1620"/>
	<SubTexture name="Dad Sing Note LEFT0018" x="0" y="1620" width="1852" height="1597" frameX="0" frameY="-12" frameWidth="1852" frameHeight="1620"/>
	<SubTexture name="Dad Sing note UP0000" x="1852" y="1620" width="1896" height="1704" frameX="-20" frameY="-18" frameWidth="1916" frameHeight="1722"/>
	<SubTexture name="Dad Sing note UP0001" x="1852" y="1620" width="1896" height="1704" frameX="-20" frameY="-18" frameWidth="1916" frameHeight="1722"/>
	<SubTexture name="Dad Sing note UP0002" x="3748" y="1620" width="1884" height="1705" frameX="0" frameY="0" frameWidth="1916" frameHeight="1722"/>
	<SubTexture name="Dad Sing note UP0003" x="3748" y="1620" width="1884" height="1705" frameX="0" frameY="0" frameWidth="1916" frameHeight="1722"/>
	<SubTexture name="Dad Sing note UP0004" x="5632" y="1620" width="1884" height="1705" frameX="0" frameY="0" frameWidth="1916" frameHeight="1722"/>
	<SubTexture name="Dad Sing note UP0005" x="5632" y="1620" width="1884" height="1705" frameX="0" frameY="0" frameWidth="1916" frameHeight="1722"/>
	<SubTexture name="Dad Sing note UP0006" x="3748" y="1620" width="1884" height="1705" frameX="0" frameY="0" frameWidth="1916" frameHeight="1722"/>
	<SubTexture name="Dad Sing note UP0007" x="3748" y="1620" width="1884" height="1705" frameX="0" frameY="0" frameWidth="1916" frameHeight="1722"/>
	<SubTexture name="Dad Sing note UP0008" x="5632" y="1620" width="1884" height="1705" frameX="0" frameY="0" frameWidth="1916" frameHeight="1722"/>
	<SubTexture name="Dad Sing note UP0009" x="5632" y="1620" width="1884" height="1705" frameX="0" frameY="0" frameWidth="1916" frameHeight="1722"/>
	<SubTexture name="Dad Sing note UP0010" x="3748" y="1620" width="1884" height="1705" frameX="0" frameY="0" frameWidth="1916" frameHeight="1722"/>
	<SubTexture name="Dad Sing note UP0011" x="3748" y="1620" width="1884" height="1705" frameX="0" frameY="0" frameWidth="1916" frameHeight="1722"/>
	<SubTexture name="Dad Sing note UP0012" x="5632" y="1620" width="1884" height="1705" frameX="0" frameY="0" frameWidth="1916" frameHeight="1722"/>
	<SubTexture name="Dad Sing note UP0013" x="5632" y="1620" width="1884" height="1705" frameX="0" frameY="0" frameWidth="1916" frameHeight="1722"/>
	<SubTexture name="Dad Sing note UP0014" x="3748" y="1620" width="1884" height="1705" frameX="0" frameY="0" frameWidth="1916" frameHeight="1722"/>
	<SubTexture name="Dad Sing note UP0015" x="3748" y="1620" width="1884" height="1705" frameX="0" frameY="0" frameWidth="1916" frameHeight="1722"/>
	<SubTexture name="Dad Sing note UP0016" x="3748" y="1620" width="1884" height="1705" frameX="0" frameY="0" frameWidth="1916" frameHeight="1722"/>
	<SubTexture name="Dad Sing note UP0017" x="5632" y="1620" width="1884" height="1705" frameX="0" frameY="0" frameWidth="1916" frameHeight="1722"/>
	<SubTexture name="Dad Sing note UP0018" x="5632" y="1620" width="1884" height="1705" frameX="0" frameY="0" frameWidth="1916" frameHeight="1722"/>
	<SubTexture name="Dad Sing note UP0019" x="3748" y="1620" width="1884" height="1705" frameX="0" frameY="0" frameWidth="1916" frameHeight="1722"/>
	<SubTexture name="Dad Sing note UP0020" x="3748" y="1620" width="1884" height="1705" frameX="0" frameY="0" frameWidth="1916" frameHeight="1722"/>
	<SubTexture name="Dad Sing note UP0021" x="5632" y="1620" width="1884" height="1705" frameX="0" frameY="0" frameWidth="1916" frameHeight="1722"/>
	<SubTexture name="Dad Sing note UP0022" x="5632" y="1620" width="1884" height="1705" frameX="0" frameY="0" frameWidth="1916" frameHeight="1722"/>
	<SubTexture name="Dad Sing note UP0023" x="3748" y="1620" width="1884" height="1705" frameX="0" frameY="0" frameWidth="1916" frameHeight="1722"/>
	<SubTexture name="Dad Sing note UP0024" x="3748" y="1620" width="1884" height="1705" frameX="0" frameY="0" frameWidth="1916" frameHeight="1722"/>
	<SubTexture name="Dad Sing note UP0025" x="5632" y="1620" width="1884" height="1705" frameX="0" frameY="0" frameWidth="1916" frameHeight="1722"/>
	<SubTexture name="Dad Sing note UP0026" x="5632" y="1620" width="1884" height="1705" frameX="0" frameY="0" frameWidth="1916" frameHeight="1722"/>
	<SubTexture name="Dad Sing note UP0027" x="3748" y="1620" width="1884" height="1705" frameX="0" frameY="0" frameWidth="1916" frameHeight="1722"/>
	<SubTexture name="Dad Sing note UP0028" x="3748" y="1620" width="1884" height="1705" frameX="0" frameY="0" frameWidth="1916" frameHeight="1722"/>
	<SubTexture name="Dad Sing note UP0029" x="3748" y="1620" width="1884" height="1705" frameX="0" frameY="0" frameWidth="1916" frameHeight="1722"/>
	<SubTexture name="Dad Sing note UP0030" x="5632" y="1620" width="1884" height="1705" frameX="0" frameY="0" frameWidth="1916" frameHeight="1722"/>
	<SubTexture name="Dad Sing note UP0031" x="5632" y="1620" width="1884" height="1705" frameX="0" frameY="0" frameWidth="1916" frameHeight="1722"/>
	<SubTexture name="Dad Sing note UP0032" x="3748" y="1620" width="1884" height="1705" frameX="0" frameY="0" frameWidth="1916" frameHeight="1722"/>
	<SubTexture name="Dad Sing note UP0033" x="3748" y="1620" width="1884" height="1705" frameX="0" frameY="0" frameWidth="1916" frameHeight="1722"/>
	<SubTexture name="Dad Sing note UP0034" x="5632" y="1620" width="1884" height="1705" frameX="0" frameY="0" frameWidth="1916" frameHeight="1722"/>
	<SubTexture name="Dad Sing note UP0035" x="5632" y="1620" width="1884" height="1705" frameX="0" frameY="0" frameWidth="1916" frameHeight="1722"/>
	<SubTexture name="Dad Sing note UP0036" x="3748" y="1620" width="1884" height="1705" frameX="0" frameY="0" frameWidth="1916" frameHeight="1722"/>
	<SubTexture name="Dad Sing note UP0037" x="3748" y="1620" width="1884" height="1705" frameX="0" frameY="0" frameWidth="1916" frameHeight="1722"/>
	<SubTexture name="Dad Sing note UP0038" x="5632" y="1620" width="1884" height="1705" frameX="0" frameY="0" frameWidth="1916" frameHeight="1722"/>
	<SubTexture name="Dad Sing note UP0039" x="5632" y="1620" width="1884" height="1705" frameX="0" frameY="0" frameWidth="1916" frameHeight="1722"/>
	<SubTexture name="Dad Sing note UP0040" x="3748" y="1620" width="1884" height="1705" frameX="0" frameY="0" frameWidth="1916" frameHeight="1722"/>
	<SubTexture name="Dad Sing note UP0041" x="3748" y="1620" width="1884" height="1705" frameX="0" frameY="0" frameWidth="1916" frameHeight="1722"/>
	<SubTexture name="Dad Sing note UP0042" x="3748" y="1620" width="1884" height="1705" frameX="0" frameY="0" frameWidth="1916" frameHeight="1722"/>
	<SubTexture name="Dad Sing note UP0043" x="5632" y="1620" width="1884" height="1705" frameX="0" frameY="0" frameWidth="1916" frameHeight="1722"/>
	<SubTexture name="Dad Sing note UP0044" x="5632" y="1620" width="1884" height="1705" frameX="0" frameY="0" frameWidth="1916" frameHeight="1722"/>
	<SubTexture name="Dad Sing note UP0045" x="3748" y="1620" width="1884" height="1705" frameX="0" frameY="0" frameWidth="1916" frameHeight="1722"/>
	<SubTexture name="Dad Sing note UP0046" x="3748" y="1620" width="1884" height="1705" frameX="0" frameY="0" frameWidth="1916" frameHeight="1722"/>
	<SubTexture name="Dad Sing note UP0047" x="5632" y="1620" width="1884" height="1705" frameX="0" frameY="0" frameWidth="1916" frameHeight="1722"/>
	<SubTexture name="Dad Sing note UP0048" x="5632" y="1620" width="1884" height="1705" frameX="0" frameY="0" frameWidth="1916" frameHeight="1722"/>
	<SubTexture name="Dad Sing note UP0049" x="3748" y="1620" width="1884" height="1705" frameX="0" frameY="0" frameWidth="1916" frameHeight="1722"/>
	<SubTexture name="Dad Sing note UP0050" x="3748" y="1620" width="1884" height="1705" frameX="0" frameY="0" frameWidth="1916" frameHeight="1722"/>
	<SubTexture name="Dad Sing note UP0051" x="5632" y="1620" width="1884" height="1705" frameX="0" frameY="0" frameWidth="1916" frameHeight="1722"/>
	<SubTexture name="Dad Sing note UP0052" x="5632" y="1620" width="1884" height="1705" frameX="0" frameY="0" frameWidth="1916" frameHeight="1722"/>
	<SubTexture name="Dad Sing note UP0053" x="3748" y="1620" width="1884" height="1705" frameX="0" frameY="0" frameWidth="1916" frameHeight="1722"/>
	<SubTexture name="Dad Sing note UP0054" x="3748" y="1620" width="1884" height="1705" frameX="0" frameY="0" frameWidth="1916" frameHeight="1722"/>
	<SubTexture name="Dad Sing note UP0055" x="3748" y="1620" width="1884" height="1705" frameX="0" frameY="0" frameWidth="1916" frameHeight="1722"/>
	<SubTexture name="Dad Sing note UP0056" x="5632" y="1620" width="1884" height="1705" frameX="0" frameY="0" frameWidth="1916" frameHeight="1722"/>
	<SubTexture name="Dad Sing note UP0057" x="5632" y="1620" width="1884" height="1705" frameX="0" frameY="0" frameWidth="1916" frameHeight="1722"/>
	<SubTexture name="Dad Sing note UP0058" x="3748" y="1620" width="1884" height="1705" frameX="0" frameY="0" frameWidth="1916" frameHeight="1722"/>
	<SubTexture name="Dad Sing note UP0059" x="3748" y="1620" width="1884" height="1705" frameX="0" frameY="0" frameWidth="1916" frameHeight="1722"/>
	<SubTexture name="Dad idle dance0000" x="0" y="3325" width="1821" height="1726" frameX="-54" frameY="-45" frameWidth="1879" frameHeight="1771"/>
	<SubTexture name="Dad idle dance0001" x="0" y="3325" width="1821" height="1726" frameX="-54" frameY="-45" frameWidth="1879" frameHeight="1771"/>
	<SubTexture name="Dad idle dance0002" x="1821" y="3325" width="1818" height="1732" frameX="-59" frameY="-32" frameWidth="1879" frameHeight="1771"/>
	<SubTexture name="Dad idle dance0003" x="1821" y="3325" width="1818" height="1732" frameX="-59" frameY="-32" frameWidth="1879" frameHeight="1771"/>
	<SubTexture name="Dad idle dance0004" x="3639" y="3325" width="1840" height="1737" frameX="-39" frameY="-19" frameWidth="1879" frameHeight="1771"/>
	<SubTexture name="Dad idle dance0005" x="3639" y="3325" width="1840" height="1737" frameX="-39" frameY="-19" frameWidth="1879" frameHeight="1771"/>
	<SubTexture name="Dad idle dance0006" x="5479" y="3325" width="1870" height="1731" frameX="-9" frameY="-7" frameWidth="1879" frameHeight="1771"/>
	<SubTexture name="Dad idle dance0007" x="5479" y="3325" width="1870" height="1731" frameX="-9" frameY="-7" frameWidth="1879" frameHeight="1771"/>
	<SubTexture name="Dad idle dance0008" x="0" y="5062" width="1879" height="1735" frameX="0" frameY="0" frameWidth="1879" frameHeight="1771"/>
	<SubTexture name="Dad idle dance0009" x="0" y="5062" width="1879" height="1735" frameX="0" frameY="0" frameWidth="1879" frameHeight="1771"/>
	<SubTexture name="Dad idle dance0010" x="0" y="5062" width="1879" height="1735" frameX="0" frameY="0" frameWidth="1879" frameHeight="1771"/>
	<SubTexture name="Dad idle dance0011" x="0" y="5062" width="1879" height="1735" frameX="0" frameY="0" frameWidth="1879" frameHeight="1771"/>
	<SubTexture name="Dad idle dance0012" x="0" y="5062" width="1879" height="1735" frameX="0" frameY="0" frameWidth="1879" frameHeight="1771"/>
	<SubTexture name="dad sing note right0000" x="1879" y="5062" width="1833" height="1660" frameX="-31" frameY="0" frameWidth="1868" frameHeight="1660"/>
	<SubTexture name="dad sing note right0001" x="1879" y="5062" width="1833" height="1660" frameX="-31" frameY="0" frameWidth="1868" frameHeight="1660"/>
	<SubTexture name="dad sing note right0002" x="3712" y="5062" width="1868" height="1651" frameX="0" frameY="-5" frameWidth="1868" frameHeight="1660"/>
	<SubTexture name="dad sing note right0003" x="3712" y="5062" width="1868" height="1651" frameX="0" frameY="-5" frameWidth="1868" frameHeight="1660"/>
	<SubTexture name="dad sing note right0004" x="3712" y="5062" width="1868" height="1651" frameX="0" frameY="-5" frameWidth="1868" frameHeight="1660"/>
	<SubTexture name="dad sing note right0005" x="3712" y="5062" width="1868" height="1651" frameX="0" frameY="-5" frameWidth="1868" frameHeight="1660"/>
	<SubTexture name="dad sing note right0006" x="3712" y="5062" width="1868" height="1651" frameX="0" frameY="-5" frameWidth="1868" frameHeight="1660"/>
	<SubTexture name="dad sing note right0007" x="3712" y="5062" width="1868" height="1651" frameX="0" frameY="-5" frameWidth="1868" frameHeight="1660"/>
	<SubTexture name="dad sing note right0008" x="3712" y="5062" width="1868" height="1651" frameX="0" frameY="-5" frameWidth="1868" frameHeight="1660"/>
	<SubTexture name="dad sing note right0009" x="3712" y="5062" width="1868" height="1651" frameX="0" frameY="-5" frameWidth="1868" frameHeight="1660"/>
	<SubTexture name="dad sing note right0010" x="1879" y="5062" width="1833" height="1660" frameX="-31" frameY="0" frameWidth="1868" frameHeight="1660"/>
	<SubTexture name="dad sing note right0011" x="1879" y="5062" width="1833" height="1660" frameX="-31" frameY="0" frameWidth="1868" frameHeight="1660"/>
	<SubTexture name="dad sing note right0012" x="3712" y="5062" width="1868" height="1651" frameX="0" frameY="-5" frameWidth="1868" frameHeight="1660"/>
	<SubTexture name="dad sing note right0013" x="3712" y="5062" width="1868" height="1651" frameX="0" frameY="-5" frameWidth="1868" frameHeight="1660"/>
	<SubTexture name="dad sing note right0014" x="3712" y="5062" width="1868" height="1651" frameX="0" frameY="-5" frameWidth="1868" frameHeight="1660"/>
	<SubTexture name="dad sing note right0015" x="3712" y="5062" width="1868" height="1651" frameX="0" frameY="-5" frameWidth="1868" frameHeight="1660"/>
</TextureAtlas>
