﻿<?xml version="1.0" encoding="utf-8"?>
<TextureAtlas imagePath="poly_assets.png">
	<!-- Created with Adobe Animate version 21.0.4.39603 -->
	<!-- http://www.adobe.com/products/animate.html -->
	<SubTexture name="Dad Sing Note DOWN0000" x="0" y="0" width="1234" height="1210"/>
	<SubTexture name="Dad Sing Note DOWN0001" x="0" y="0" width="1234" height="1210"/>
	<SubTexture name="Dad Sing Note DOWN0002" x="1234" y="0" width="1234" height="1210"/>
	<SubTexture name="Dad Sing Note DOWN0003" x="1234" y="0" width="1234" height="1210"/>
	<SubTexture name="Dad Sing Note DOWN0004" x="1234" y="0" width="1234" height="1210"/>
	<SubTexture name="Dad Sing Note DOWN0005" x="1234" y="0" width="1234" height="1210"/>
	<SubTexture name="Dad Sing Note DOWN0006" x="1234" y="0" width="1234" height="1210"/>
	<SubTexture name="Dad Sing Note DOWN0007" x="1234" y="0" width="1234" height="1210"/>
	<SubTexture name="Dad Sing Note DOWN0008" x="1234" y="0" width="1234" height="1210"/>
	<SubTexture name="Dad Sing Note DOWN0009" x="1234" y="0" width="1234" height="1210"/>
	<SubTexture name="Dad Sing Note DOWN0010" x="1234" y="0" width="1234" height="1210"/>
	<SubTexture name="Dad Sing Note DOWN0011" x="1234" y="0" width="1234" height="1210"/>
	<SubTexture name="Dad Sing Note DOWN0012" x="1234" y="0" width="1234" height="1210"/>
	<SubTexture name="Dad Sing Note DOWN0013" x="1234" y="0" width="1234" height="1210"/>
	<SubTexture name="Dad Sing Note DOWN0014" x="1234" y="0" width="1234" height="1210"/>
	<SubTexture name="Dad Sing Note DOWN0015" x="1234" y="0" width="1234" height="1210"/>
	<SubTexture name="Dad Sing Note DOWN0016" x="1234" y="0" width="1234" height="1210"/>
	<SubTexture name="Dad Sing Note DOWN0017" x="1234" y="0" width="1234" height="1210"/>
	<SubTexture name="Dad Sing Note DOWN0018" x="1234" y="0" width="1234" height="1210"/>
	<SubTexture name="Dad Sing Note DOWN0019" x="1234" y="0" width="1234" height="1210"/>
	<SubTexture name="Dad Sing Note DOWN0020" x="1234" y="0" width="1234" height="1210"/>
	<SubTexture name="Dad Sing Note DOWN0021" x="1234" y="0" width="1234" height="1210"/>
	<SubTexture name="Dad Sing Note DOWN0022" x="1234" y="0" width="1234" height="1210"/>
	<SubTexture name="Dad Sing Note DOWN0023" x="1234" y="0" width="1234" height="1210"/>
	<SubTexture name="Dad Sing Note DOWN0024" x="1234" y="0" width="1234" height="1210"/>
	<SubTexture name="Dad Sing Note LEFT0000" x="2468" y="0" width="1570" height="1225"/>
	<SubTexture name="Dad Sing Note LEFT0001" x="2468" y="0" width="1570" height="1225"/>
	<SubTexture name="Dad Sing Note LEFT0002" x="4038" y="0" width="1570" height="1225"/>
	<SubTexture name="Dad Sing Note LEFT0003" x="4038" y="0" width="1570" height="1225"/>
	<SubTexture name="Dad Sing Note LEFT0004" x="4038" y="0" width="1570" height="1225"/>
	<SubTexture name="Dad Sing Note LEFT0005" x="4038" y="0" width="1570" height="1225"/>
	<SubTexture name="Dad Sing Note LEFT0006" x="4038" y="0" width="1570" height="1225"/>
	<SubTexture name="Dad Sing Note LEFT0007" x="4038" y="0" width="1570" height="1225"/>
	<SubTexture name="Dad Sing Note LEFT0008" x="4038" y="0" width="1570" height="1225"/>
	<SubTexture name="Dad Sing Note LEFT0009" x="4038" y="0" width="1570" height="1225"/>
	<SubTexture name="Dad Sing Note LEFT0010" x="4038" y="0" width="1570" height="1225"/>
	<SubTexture name="Dad Sing Note LEFT0011" x="4038" y="0" width="1570" height="1225"/>
	<SubTexture name="Dad Sing Note LEFT0012" x="4038" y="0" width="1570" height="1225"/>
	<SubTexture name="Dad Sing Note LEFT0013" x="4038" y="0" width="1570" height="1225"/>
	<SubTexture name="Dad Sing Note LEFT0014" x="4038" y="0" width="1570" height="1225"/>
	<SubTexture name="Dad Sing Note LEFT0015" x="4038" y="0" width="1570" height="1225"/>
	<SubTexture name="Dad Sing Note LEFT0016" x="4038" y="0" width="1570" height="1225"/>
	<SubTexture name="Dad Sing Note LEFT0017" x="4038" y="0" width="1570" height="1225"/>
	<SubTexture name="Dad Sing Note LEFT0018" x="4038" y="0" width="1570" height="1225"/>
	<SubTexture name="Dad Sing Note LEFT0019" x="4038" y="0" width="1570" height="1225"/>
	<SubTexture name="Dad Sing Note LEFT0020" x="4038" y="0" width="1570" height="1225"/>
	<SubTexture name="Dad Sing Note LEFT0021" x="4038" y="0" width="1570" height="1225"/>
	<SubTexture name="Dad Sing Note LEFT0022" x="4038" y="0" width="1570" height="1225"/>
	<SubTexture name="Dad Sing Note LEFT0023" x="4038" y="0" width="1570" height="1225"/>
	<SubTexture name="Dad Sing Note LEFT0024" x="4038" y="0" width="1570" height="1225"/>
	<SubTexture name="Dad Sing note UP0000" x="5608" y="0" width="1454" height="1140"/>
	<SubTexture name="Dad Sing note UP0001" x="5608" y="0" width="1454" height="1140"/>
	<SubTexture name="Dad Sing note UP0002" x="0" y="1225" width="1454" height="1140"/>
	<SubTexture name="Dad Sing note UP0003" x="0" y="1225" width="1454" height="1140"/>
	<SubTexture name="Dad Sing note UP0004" x="0" y="1225" width="1454" height="1140"/>
	<SubTexture name="Dad Sing note UP0005" x="0" y="1225" width="1454" height="1140"/>
	<SubTexture name="Dad Sing note UP0006" x="0" y="1225" width="1454" height="1140"/>
	<SubTexture name="Dad Sing note UP0007" x="0" y="1225" width="1454" height="1140"/>
	<SubTexture name="Dad Sing note UP0008" x="0" y="1225" width="1454" height="1140"/>
	<SubTexture name="Dad Sing note UP0009" x="0" y="1225" width="1454" height="1140"/>
	<SubTexture name="Dad Sing note UP0010" x="0" y="1225" width="1454" height="1140"/>
	<SubTexture name="Dad Sing note UP0011" x="0" y="1225" width="1454" height="1140"/>
	<SubTexture name="Dad Sing note UP0012" x="0" y="1225" width="1454" height="1140"/>
	<SubTexture name="Dad Sing note UP0013" x="0" y="1225" width="1454" height="1140"/>
	<SubTexture name="Dad Sing note UP0014" x="0" y="1225" width="1454" height="1140"/>
	<SubTexture name="Dad Sing note UP0015" x="0" y="1225" width="1454" height="1140"/>
	<SubTexture name="Dad Sing note UP0016" x="0" y="1225" width="1454" height="1140"/>
	<SubTexture name="Dad Sing note UP0017" x="0" y="1225" width="1454" height="1140"/>
	<SubTexture name="Dad Sing note UP0018" x="0" y="1225" width="1454" height="1140"/>
	<SubTexture name="Dad Sing note UP0019" x="0" y="1225" width="1454" height="1140"/>
	<SubTexture name="Dad Sing note UP0020" x="0" y="1225" width="1454" height="1140"/>
	<SubTexture name="Dad Sing note UP0021" x="0" y="1225" width="1454" height="1140"/>
	<SubTexture name="Dad Sing note UP0022" x="0" y="1225" width="1454" height="1140"/>
	<SubTexture name="Dad Sing note UP0023" x="0" y="1225" width="1454" height="1140"/>
	<SubTexture name="Dad Sing note UP0024" x="0" y="1225" width="1454" height="1140"/>
	<SubTexture name="Dad idle dance0000" x="1454" y="1225" width="1121" height="708"/>
	<SubTexture name="Dad idle dance0001" x="1454" y="1225" width="1121" height="708"/>
	<SubTexture name="Dad idle dance0002" x="2575" y="1225" width="1121" height="708"/>
	<SubTexture name="Dad idle dance0003" x="2575" y="1225" width="1121" height="708"/>
	<SubTexture name="Dad idle dance0004" x="3696" y="1225" width="1121" height="708"/>
	<SubTexture name="Dad idle dance0005" x="3696" y="1225" width="1121" height="708"/>
	<SubTexture name="Dad idle dance0006" x="4817" y="1225" width="1121" height="708"/>
	<SubTexture name="Dad idle dance0007" x="4817" y="1225" width="1121" height="708"/>
	<SubTexture name="Dad idle dance0008" x="5938" y="1225" width="1121" height="708"/>
	<SubTexture name="Dad idle dance0009" x="5938" y="1225" width="1121" height="708"/>
	<SubTexture name="Dad idle dance0010" x="5938" y="1225" width="1121" height="708"/>
	<SubTexture name="Dad idle dance0011" x="5938" y="1225" width="1121" height="708"/>
	<SubTexture name="Dad idle dance0012" x="5938" y="1225" width="1121" height="708"/>
	<SubTexture name="Dad idle dance0013" x="5938" y="1225" width="1121" height="708"/>
	<SubTexture name="Dad idle dance0014" x="7059" y="1225" width="1121" height="708"/>
	<SubTexture name="Dad idle dance0015" x="7059" y="1225" width="1121" height="708"/>
	<SubTexture name="Dad idle dance0016" x="0" y="2365" width="1121" height="708"/>
	<SubTexture name="Dad idle dance0017" x="0" y="2365" width="1121" height="708"/>
	<SubTexture name="Dad idle dance0018" x="1121" y="2365" width="1121" height="708"/>
	<SubTexture name="Dad idle dance0019" x="1121" y="2365" width="1121" height="708"/>
	<SubTexture name="Dad idle dance0020" x="2242" y="2365" width="1121" height="708"/>
	<SubTexture name="Dad idle dance0021" x="2242" y="2365" width="1121" height="708"/>
	<SubTexture name="Dad idle dance0022" x="2242" y="2365" width="1121" height="708"/>
	<SubTexture name="Dad idle dance0023" x="2242" y="2365" width="1121" height="708"/>
	<SubTexture name="Dad idle dance0024" x="2242" y="2365" width="1121" height="708"/>
	<SubTexture name="dad sing note right0000" x="3363" y="2365" width="1682" height="1214"/>
	<SubTexture name="dad sing note right0001" x="3363" y="2365" width="1682" height="1214"/>
	<SubTexture name="dad sing note right0002" x="5045" y="2365" width="1682" height="1214"/>
	<SubTexture name="dad sing note right0003" x="5045" y="2365" width="1682" height="1214"/>
	<SubTexture name="dad sing note right0004" x="5045" y="2365" width="1682" height="1214"/>
	<SubTexture name="dad sing note right0005" x="5045" y="2365" width="1682" height="1214"/>
	<SubTexture name="dad sing note right0006" x="5045" y="2365" width="1682" height="1214"/>
	<SubTexture name="dad sing note right0007" x="5045" y="2365" width="1682" height="1214"/>
	<SubTexture name="dad sing note right0008" x="5045" y="2365" width="1682" height="1214"/>
	<SubTexture name="dad sing note right0009" x="5045" y="2365" width="1682" height="1214"/>
	<SubTexture name="dad sing note right0010" x="5045" y="2365" width="1682" height="1214"/>
	<SubTexture name="dad sing note right0011" x="5045" y="2365" width="1682" height="1214"/>
	<SubTexture name="dad sing note right0012" x="5045" y="2365" width="1682" height="1214"/>
	<SubTexture name="dad sing note right0013" x="5045" y="2365" width="1682" height="1214"/>
	<SubTexture name="dad sing note right0014" x="5045" y="2365" width="1682" height="1214"/>
	<SubTexture name="dad sing note right0015" x="5045" y="2365" width="1682" height="1214"/>
	<SubTexture name="dad sing note right0016" x="5045" y="2365" width="1682" height="1214"/>
	<SubTexture name="dad sing note right0017" x="5045" y="2365" width="1682" height="1214"/>
	<SubTexture name="dad sing note right0018" x="5045" y="2365" width="1682" height="1214"/>
	<SubTexture name="dad sing note right0019" x="5045" y="2365" width="1682" height="1214"/>
	<SubTexture name="dad sing note right0020" x="5045" y="2365" width="1682" height="1214"/>
	<SubTexture name="dad sing note right0021" x="5045" y="2365" width="1682" height="1214"/>
	<SubTexture name="dad sing note right0022" x="5045" y="2365" width="1682" height="1214"/>
	<SubTexture name="dad sing note right0023" x="5045" y="2365" width="1682" height="1214"/>
	<SubTexture name="dad sing note right0024" x="5045" y="2365" width="1682" height="1214"/>
</TextureAtlas>
