{"song":{"player1":"bf","notes":[{"sectionNotes":[],"lengthInSteps":16,"typeOfSection":0,"altAnim":false,"bpm":180,"mustHitSection":true},{"sectionNotes":[],"lengthInSteps":16,"typeOfSection":0,"altAnim":false,"bpm":180,"mustHitSection":true},{"sectionNotes":[],"lengthInSteps":16,"typeOfSection":0,"altAnim":false,"bpm":180,"mustHitSection":true},{"sectionNotes":[],"lengthInSteps":16,"typeOfSection":0,"altAnim":false,"bpm":180,"mustHitSection":true},{"sectionNotes":[],"lengthInSteps":16,"typeOfSection":0,"altAnim":false,"bpm":180,"mustHitSection":true},{"sectionNotes":[],"lengthInSteps":16,"typeOfSection":0,"altAnim":false,"bpm":180,"mustHitSection":true},{"sectionNotes":[[8000,2,0],[8500,1,0],[9000,1,0],[8333.33333333333,1,0],[8833.33333333333,3,0]],"lengthInSteps":16,"typeOfSection":0,"altAnim":false,"bpm":180,"mustHitSection":false},{"sectionNotes":[[9333.334,3,0],[9500,0,0],[9833.334,0,0],[10000,1,0],[10333.334,1,0],[10500,0,0]],"lengthInSteps":16,"typeOfSection":0,"altAnim":false,"bpm":180,"mustHitSection":false},{"sectionNotes":[[10833.334,2,0],[11000,0,0],[11333.334,0,0],[11500,3,0],[11833.334,1,0]],"lengthInSteps":16,"typeOfSection":0,"altAnim":false,"bpm":180,"mustHitSection":false},{"sectionNotes":[[12000,0,0],[12333.334,1,0],[12500,3,0],[12833.334,0,0],[13000,1,0]],"lengthInSteps":16,"typeOfSection":0,"altAnim":false,"bpm":180,"mustHitSection":false},{"sectionNotes":[[13333.334,0,0],[13500,3,0],[13833.334,3,0],[14000,2,0],[14333.334,1,0]],"lengthInSteps":16,"typeOfSection":0,"altAnim":false,"bpm":180,"mustHitSection":false},{"sectionNotes":[[14666.667,3,0],[14833.334,1,0],[15000,0,0],[15333.334,3,0],[15500,3,0],[15833.334,1,0]],"lengthInSteps":16,"typeOfSection":0,"altAnim":false,"bpm":180,"mustHitSection":false},{"sectionNotes":[[16500,1,0],[16333.3333333333,1,0],[16000,2,0],[16833.3333333333,3,0],[17000,0,0]],"lengthInSteps":16,"typeOfSection":0,"altAnim":false,"bpm":180,"mustHitSection":true},{"sectionNotes":[[17333.334,3,0],[17833.334,0,0],[18000,1,0],[18500,0,0],[17500,0,0],[18333.3333333333,3,0]],"lengthInSteps":16,"typeOfSection":0,"altAnim":false,"bpm":180,"mustHitSection":true},{"sectionNotes":[[18833.334,2,0],[19000,0,0],[19333.334,2,0],[19500,0,0],[19833.334,1,0]],"lengthInSteps":16,"typeOfSection":0,"altAnim":false,"bpm":180,"mustHitSection":true},{"sectionNotes":[[20000,3,0],[20333.334,1,0],[20500,3,0],[20833.334,1,0],[21000,3,0]],"lengthInSteps":16,"typeOfSection":0,"altAnim":false,"bpm":180,"mustHitSection":true},{"sectionNotes":[[21333.334,1,0],[21500,3,0],[21833.334,1,0],[22000,0,0],[22166.667,3,0],[22500,2,0]],"lengthInSteps":16,"typeOfSection":0,"altAnim":false,"bpm":180,"mustHitSection":true},{"sectionNotes":[[22666.667,3,0],[22833.334,0,0],[23333.334,0,0],[23833.334,0,0],[23500,2,0]],"lengthInSteps":16,"typeOfSection":0,"altAnim":false,"bpm":180,"mustHitSection":true},{"sectionNotes":[[24000,0,0],[24333.334,3,0],[24666.667,1,0],[25000,0,0]],"lengthInSteps":16,"typeOfSection":0,"altAnim":false,"bpm":180,"mustHitSection":false},{"sectionNotes":[[25333.334,0,0],[25666.667,0,0],[26000,2,0],[26166.667,0,0],[26500,2,0],[26333.3333333333,0,0]],"lengthInSteps":16,"typeOfSection":0,"altAnim":false,"bpm":180,"mustHitSection":false},{"sectionNotes":[[26666.667,2,0],[26833.334,3,0],[27166.667,2,0],[27333.334,2,0],[27500,0,0],[27833.3333333333,3,0]],"lengthInSteps":16,"typeOfSection":0,"altAnim":false,"bpm":180,"mustHitSection":false},{"sectionNotes":[[28000,0,0],[28333.334,0,0],[28666.667,0,0],[29000,0,0]],"lengthInSteps":16,"typeOfSection":0,"altAnim":false,"bpm":180,"mustHitSection":true},{"sectionNotes":[[29333.334,0,0],[29666.667,0,0],[30000,2,0],[30166.6666666667,0,0],[30500,3,0]],"lengthInSteps":16,"typeOfSection":0,"altAnim":false,"bpm":180,"mustHitSection":true},{"sectionNotes":[[30666.667,2,0],[31000,2,0],[31500,1,0],[31833.334,3,0],[30833.3333333333,0,0],[31166.6666666667,2,0]],"lengthInSteps":16,"typeOfSection":0,"altAnim":false,"bpm":180,"mustHitSection":true},{"sectionNotes":[[32000,2,0],[32333.334,0,0],[32666.667,1,0],[33000,0,0]],"lengthInSteps":16,"typeOfSection":0,"altAnim":false,"bpm":180,"mustHitSection":false},{"sectionNotes":[[33333.334,1,0],[33666.667,2,0],[34000,3,0],[34333.334,1,0],[34166.6666666667,0,0]],"lengthInSteps":16,"typeOfSection":0,"altAnim":false,"bpm":180,"mustHitSection":false},{"sectionNotes":[[34666.667,0,0],[34833.334,3,0],[35083.334,3,0],[35500,0,0],[35833.334,3,0],[35166.6666666667,0,0],[35333.3333333333,2,0]],"lengthInSteps":16,"typeOfSection":0,"altAnim":false,"bpm":180,"mustHitSection":false},{"sectionNotes":[[36000,0,0],[36333.334,0,0],[36666.667,1,0],[37000,0,0]],"lengthInSteps":16,"typeOfSection":0,"altAnim":false,"bpm":180,"mustHitSection":true},{"sectionNotes":[[37333.334,0,0],[37666.667,1,0],[38000,3,0],[38250,0,0],[38500,2,0]],"lengthInSteps":16,"typeOfSection":0,"altAnim":false,"bpm":180,"mustHitSection":true},{"sectionNotes":[[38666.667,2,0],[39000,3,0],[39166.667,3,0],[39500,2,0],[39833.334,1,0],[38833.3333333333,0,0],[39333.3333333333,1,0],[39083.3333333333,0,0]],"lengthInSteps":16,"typeOfSection":0,"altAnim":false,"bpm":180,"mustHitSection":true},{"sectionNotes":[[40000,2,0],[40500,0,0],[40833.334,1,0],[41000,1,0]],"lengthInSteps":16,"typeOfSection":0,"altAnim":false,"bpm":180,"mustHitSection":false},{"sectionNotes":[[41333.334,0,0],[41500,0,0],[41833.334,1,0],[42000,0,0],[42333.334,3,0],[42500,2,0]],"lengthInSteps":16,"typeOfSection":0,"altAnim":false,"bpm":180,"mustHitSection":false},{"sectionNotes":[[42833.334,2,0],[43000,2,0],[43333.334,0,0],[43500,0,0],[43833.334,2,0]],"lengthInSteps":16,"typeOfSection":0,"altAnim":false,"bpm":180,"mustHitSection":false},{"sectionNotes":[[44500,0,0],[44666.667,0,0],[45166.667,2,0],[45000,3,0],[44833.3333333333,3,0]],"lengthInSteps":16,"typeOfSection":0,"altAnim":false,"bpm":180,"mustHitSection":false},{"sectionNotes":[[45500,3,0],[45833.334,0,0],[46166.6666666667,1,0],[46333.3333333333,3,0],[46500,2,0]],"lengthInSteps":16,"typeOfSection":0,"altAnim":false,"bpm":180,"mustHitSection":false},{"sectionNotes":[[46833.334,3,0],[47000,2,0],[47166.667,0,0],[47333.334,0,0],[47500,2,0],[47666.667,2,0],[47833.334,2,0]],"lengthInSteps":16,"typeOfSection":0,"altAnim":false,"bpm":180,"mustHitSection":false},{"sectionNotes":[[48000,0,0],[48500,0,0],[48833.334,2,0],[49000,0,0]],"lengthInSteps":16,"typeOfSection":0,"altAnim":false,"bpm":180,"mustHitSection":true},{"sectionNotes":[[49333.334,1,0],[49500,0,0],[49833.334,2,0],[50000,1,0],[50333.334,3,0],[50500,1,0]],"lengthInSteps":16,"typeOfSection":0,"altAnim":false,"bpm":180,"mustHitSection":true},{"sectionNotes":[[50833.334,3,0],[51000,1,0],[51333.334,2,0],[51500,0,0],[51833.334,2,0]],"lengthInSteps":16,"typeOfSection":0,"altAnim":false,"bpm":180,"mustHitSection":true},{"sectionNotes":[[52500,0,0],[52666.667,0,0],[52833.334,2,0],[53000,0,0],[53166.667,0,0]],"lengthInSteps":16,"typeOfSection":0,"altAnim":false,"bpm":180,"mustHitSection":true},{"sectionNotes":[[53333.334,1,0],[53500,0,0],[54500,1,0],[53833.3333333334,0,0],[54000,2,0],[54333.3333333334,3,0],[54166.6666666667,0,0]],"lengthInSteps":16,"typeOfSection":0,"altAnim":false,"bpm":180,"mustHitSection":true},{"sectionNotes":[[55000,2,0],[55333.334,2,0],[55500,3,0],[55833.334,3,0],[54833.3333333334,3,0],[55166.6666666667,0,0],[55666.6666666667,0,0]],"lengthInSteps":16,"typeOfSection":0,"altAnim":false,"bpm":180,"mustHitSection":true},{"sectionNotes":[[56000,2,0],[56333.334,0,0],[56500,1,0],[56833.334,2,0],[57000,3,0]],"lengthInSteps":16,"typeOfSection":0,"altAnim":false,"bpm":180,"mustHitSection":false},{"sectionNotes":[[57333.334,3,0],[57500,0,0],[57833.334,2,0],[58000,2,0],[58166.667,0,0],[58333.334,3,0],[58500,2,0]],"lengthInSteps":16,"typeOfSection":0,"altAnim":false,"bpm":180,"mustHitSection":false},{"sectionNotes":[[58833.334,0,0],[59000,2,0],[59333.334,3,0],[59500,1,0],[59833.334,1,0]],"lengthInSteps":16,"typeOfSection":0,"altAnim":false,"bpm":180,"mustHitSection":false},{"sectionNotes":[[60000,0,0],[60333.334,2,0],[60833.334,3,0],[61000,1,0]],"lengthInSteps":16,"typeOfSection":0,"altAnim":false,"bpm":180,"mustHitSection":false},{"sectionNotes":[[61333.334,0,0],[61500,1,0],[61833.334,1,0],[62166.667,0,0],[62333.334,2,0],[62500,3,0]],"lengthInSteps":16,"typeOfSection":0,"altAnim":false,"bpm":180,"mustHitSection":false},{"sectionNotes":[[62833.334,3,0],[63000,2,0],[63333.334,1,0],[63500,1,0],[63833.334,2,0],[62666.6666666667,3,0]],"lengthInSteps":16,"typeOfSection":0,"altAnim":false,"bpm":180,"mustHitSection":false},{"sectionNotes":[[64333.334,2,0],[64500,0,0],[65000,3,0],[64833.3333333334,1,0]],"lengthInSteps":16,"typeOfSection":0,"altAnim":false,"bpm":180,"mustHitSection":true},{"sectionNotes":[[65333.334,3,0],[65500,2,0],[65833.334,0,0],[66000,1,0],[66333.334,2,0],[66500,0,0]],"lengthInSteps":16,"typeOfSection":0,"altAnim":false,"bpm":180,"mustHitSection":true},{"sectionNotes":[[66833.334,2,0],[67000,0,0],[67500,0,0],[67333.3333333334,1,0],[67833.3333333334,2,0]],"lengthInSteps":16,"typeOfSection":0,"altAnim":false,"bpm":180,"mustHitSection":true},{"sectionNotes":[[68000,3,0],[68333.334,1,0],[68500,3,0],[68833.334,1,0],[69000,3,0]],"lengthInSteps":16,"typeOfSection":0,"altAnim":false,"bpm":180,"mustHitSection":true},{"sectionNotes":[[69333.334,1,0],[69500,3,0],[69833.334,1,0],[70166.667,3,0],[70333.334,0,0],[70500,3,0]],"lengthInSteps":16,"typeOfSection":0,"altAnim":false,"bpm":180,"mustHitSection":true},{"sectionNotes":[[70666.667,3,0],[70833.334,0,0],[71000,3,0],[71333.334,0,0],[71500,2,0],[71833.334,0,0]],"lengthInSteps":16,"typeOfSection":0,"altAnim":false,"bpm":180,"mustHitSection":true},{"sectionNotes":[[72000,2,0],[72333.334,2,0],[72666.667,0,0],[73000,3,0]],"lengthInSteps":16,"typeOfSection":0,"altAnim":false,"bpm":180,"mustHitSection":false},{"sectionNotes":[[73333.334,0,0],[73666.667,1,0],[74166.667,3,0],[74333.334,0,0],[74500,2,0],[74000,1,0]],"lengthInSteps":16,"typeOfSection":0,"altAnim":false,"bpm":180,"mustHitSection":false},{"sectionNotes":[[74833.334,3,0],[75000,1,0],[75333.334,1,0],[75833.334,3,0],[75833.334,3,0],[75166.6666666667,0,0],[75500,3,0]],"lengthInSteps":16,"typeOfSection":0,"altAnim":false,"bpm":180,"mustHitSection":false},{"sectionNotes":[[76000,0,0],[76333.334,0,0],[76666.667,0,0],[77000,0,0]],"lengthInSteps":16,"typeOfSection":0,"altAnim":false,"bpm":180,"mustHitSection":true},{"sectionNotes":[[77333.334,0,0],[77666.667,0,0],[78000,2,0],[78333.334,2,0],[78166.6666666667,0,0],[78500,3,0]],"lengthInSteps":16,"typeOfSection":0,"altAnim":false,"bpm":180,"mustHitSection":true},{"sectionNotes":[[78666.667,2,0],[79000,2,0],[79166.667,3,0],[79333.334,2,0],[79500,1,0],[79833.334,0,0],[78833.3333333333,0,0]],"lengthInSteps":16,"typeOfSection":0,"altAnim":false,"bpm":180,"mustHitSection":true},{"sectionNotes":[[80000,2,0],[80333.334,1,0],[80666.667,2,0],[81000,3,0]],"lengthInSteps":16,"typeOfSection":0,"altAnim":false,"bpm":180,"mustHitSection":false},{"sectionNotes":[[81333.334,3,0],[81666.667,3,0],[82000,1,0],[82166.667,3,0],[82333.334,0,0],[82500,2,0]],"lengthInSteps":16,"typeOfSection":0,"altAnim":false,"bpm":180,"mustHitSection":false},{"sectionNotes":[[82666.667,0,0],[82833.334,0,0],[83000,2,0],[83166.667,1,0],[83333.334,3,0],[83500,3,0],[83833.334,3,0]],"lengthInSteps":16,"typeOfSection":0,"altAnim":false,"bpm":180,"mustHitSection":false},{"sectionNotes":[[84000,0,0],[84333.334,0,0],[84666.667,1,0],[85000,0,0]],"lengthInSteps":16,"typeOfSection":0,"altAnim":false,"bpm":180,"mustHitSection":true},{"sectionNotes":[[85333.334,0,0],[85666.667,1,0],[86000,3,0],[86166.667,2,0],[86500,3,0],[86333.3333333333,2,0]],"lengthInSteps":16,"typeOfSection":0,"altAnim":false,"bpm":180,"mustHitSection":true},{"sectionNotes":[[86666.667,2,0],[87000,3,0],[87166.667,3,0],[87500,2,0],[87833.334,1,0],[86833.3333333333,0,0],[87083.3333333333,0,0],[87333.3333333333,0,0]],"lengthInSteps":16,"typeOfSection":0,"altAnim":false,"bpm":180,"mustHitSection":true},{"sectionNotes":[[88000,2,0],[88333.334,1,0],[88500,3,0],[88833.334,2,0],[89000,3,0]],"lengthInSteps":16,"typeOfSection":0,"altAnim":false,"bpm":180,"mustHitSection":false},{"sectionNotes":[[89333.334,2,0],[89500,3,0],[89833.334,1,0],[90000,1,0],[90166.667,1,0],[90333.334,0,0],[90500,2,0]],"lengthInSteps":16,"typeOfSection":0,"altAnim":false,"bpm":180,"mustHitSection":false},{"sectionNotes":[[90666.667,3,0],[90833.334,0,0],[91333.334,0,0],[91500,1,0],[91833.334,1,0]],"lengthInSteps":16,"typeOfSection":0,"altAnim":false,"bpm":180,"mustHitSection":false},{"sectionNotes":[[92000,1,0],[92333.334,2,0],[92500,2,0],[92833.334,0,0],[93000,3,0]],"lengthInSteps":16,"typeOfSection":0,"altAnim":false,"bpm":180,"mustHitSection":false},{"sectionNotes":[[93333.334,3,0],[93500,2,0],[93833.334,2,0],[94000,0,0],[94333.334,2,0],[94500,3,0]],"lengthInSteps":16,"typeOfSection":0,"altAnim":false,"bpm":180,"mustHitSection":false},{"sectionNotes":[[94833.334,0,0],[95000,3,0],[95333.334,3,0],[95500,1,0],[95833.334,3,0]],"lengthInSteps":16,"typeOfSection":0,"altAnim":false,"bpm":180,"mustHitSection":false},{"sectionNotes":[[96000,1,0],[96500,1,0],[96333.3333333333,3,0],[96833.3333333333,1,0],[96999.9999999999,0,0]],"lengthInSteps":16,"typeOfSection":0,"altAnim":false,"bpm":180,"mustHitSection":true},{"sectionNotes":[[97333.334,3,0],[97500,2,0],[97833.334,0,0],[98000,1,0],[98333.334,2,0],[98500,0,0]],"lengthInSteps":16,"typeOfSection":0,"altAnim":false,"bpm":180,"mustHitSection":true},{"sectionNotes":[[99000,0,0],[99333.334,2,0],[99500,0,0],[98833.3333333333,3,0],[98666.6666666666,0,0],[99833.3333333333,2,0]],"lengthInSteps":16,"typeOfSection":0,"altAnim":false,"bpm":180,"mustHitSection":true},{"sectionNotes":[[100000,3,0],[100333.334,1,0],[100500,3,0],[100833.334,1,0],[101000,3,0]],"lengthInSteps":16,"typeOfSection":0,"altAnim":false,"bpm":180,"mustHitSection":true},{"sectionNotes":[[101333.334,1,0],[101500,3,0],[101833.334,1,0],[102166.667,3,0],[102333.334,0,0],[102500,1,0]],"lengthInSteps":16,"typeOfSection":0,"altAnim":false,"bpm":180,"mustHitSection":true},{"sectionNotes":[[102833.334,0,0],[103000,2,0],[103333.334,0,0],[103500,2,0],[103833.334,0,0]],"lengthInSteps":16,"typeOfSection":0,"altAnim":false,"bpm":180,"mustHitSection":true},{"sectionNotes":[],"lengthInSteps":16,"typeOfSection":0,"altAnim":false,"bpm":180,"mustHitSection":true},{"sectionNotes":[],"lengthInSteps":16,"typeOfSection":0,"altAnim":false,"bpm":180,"mustHitSection":true},{"sectionNotes":[],"lengthInSteps":16,"typeOfSection":0,"altAnim":false,"bpm":180,"mustHitSection":true},{"sectionNotes":[],"lengthInSteps":16,"typeOfSection":0,"altAnim":false,"bpm":180,"mustHitSection":true},{"sectionNotes":[],"lengthInSteps":16,"typeOfSection":0,"altAnim":false,"bpm":180,"mustHitSection":true},{"sectionNotes":[],"lengthInSteps":16,"typeOfSection":0,"altAnim":false,"bpm":180,"mustHitSection":true},{"sectionNotes":[],"lengthInSteps":16,"typeOfSection":0,"altAnim":false,"bpm":180,"mustHitSection":true},{"sectionNotes":[],"lengthInSteps":16,"typeOfSection":0,"altAnim":false,"bpm":180,"mustHitSection":true},{"sectionNotes":[],"lengthInSteps":16,"typeOfSection":0,"altAnim":false,"bpm":180,"mustHitSection":true},{"sectionNotes":[],"lengthInSteps":16,"typeOfSection":0,"altAnim":false,"bpm":180,"mustHitSection":true},{"sectionNotes":[],"lengthInSteps":16,"typeOfSection":0,"altAnim":false,"bpm":180,"mustHitSection":true},{"sectionNotes":[],"lengthInSteps":16,"typeOfSection":0,"altAnim":false,"bpm":180,"mustHitSection":true},{"sectionNotes":[],"lengthInSteps":16,"typeOfSection":0,"altAnim":false,"bpm":180,"mustHitSection":true},{"sectionNotes":[],"lengthInSteps":16,"typeOfSection":0,"altAnim":false,"bpm":180,"mustHitSection":true},{"sectionNotes":[],"lengthInSteps":16,"typeOfSection":0,"altAnim":false,"bpm":180,"mustHitSection":true},{"sectionNotes":[],"lengthInSteps":16,"typeOfSection":0,"altAnim":false,"bpm":180,"mustHitSection":true},{"sectionNotes":[],"lengthInSteps":16,"typeOfSection":0,"altAnim":false,"bpm":180,"mustHitSection":true},{"sectionNotes":[],"lengthInSteps":16,"typeOfSection":0,"altAnim":false,"bpm":180,"mustHitSection":true},{"sectionNotes":[],"lengthInSteps":16,"typeOfSection":0,"altAnim":false,"bpm":180,"mustHitSection":true},{"sectionNotes":[],"lengthInSteps":16,"typeOfSection":0,"altAnim":false,"bpm":180,"mustHitSection":true},{"sectionNotes":[],"lengthInSteps":16,"typeOfSection":0,"altAnim":false,"bpm":180,"mustHitSection":true},{"sectionNotes":[],"lengthInSteps":16,"typeOfSection":0,"altAnim":false,"bpm":180,"mustHitSection":true},{"sectionNotes":[],"lengthInSteps":16,"typeOfSection":0,"altAnim":false,"bpm":180,"mustHitSection":true},{"sectionNotes":[],"lengthInSteps":16,"typeOfSection":0,"altAnim":false,"bpm":180,"mustHitSection":true},{"sectionNotes":[],"lengthInSteps":16,"typeOfSection":0,"altAnim":false,"bpm":180,"mustHitSection":true},{"sectionNotes":[],"lengthInSteps":16,"typeOfSection":0,"altAnim":false,"bpm":180,"mustHitSection":true},{"sectionNotes":[],"lengthInSteps":16,"typeOfSection":0,"altAnim":false,"bpm":180,"mustHitSection":true},{"sectionNotes":[],"lengthInSteps":16,"typeOfSection":0,"altAnim":false,"bpm":180,"mustHitSection":true},{"sectionNotes":[],"lengthInSteps":16,"typeOfSection":0,"altAnim":false,"bpm":180,"mustHitSection":true},{"sectionNotes":[],"lengthInSteps":16,"typeOfSection":0,"altAnim":false,"bpm":180,"mustHitSection":true},{"sectionNotes":[],"lengthInSteps":16,"typeOfSection":0,"altAnim":false,"bpm":180,"mustHitSection":true},{"sectionNotes":[],"lengthInSteps":16,"typeOfSection":0,"altAnim":false,"bpm":180,"mustHitSection":true},{"sectionNotes":[],"lengthInSteps":16,"typeOfSection":0,"altAnim":false,"bpm":180,"mustHitSection":true},{"sectionNotes":[],"lengthInSteps":16,"typeOfSection":0,"altAnim":false,"bpm":180,"mustHitSection":true},{"sectionNotes":[],"lengthInSteps":16,"typeOfSection":0,"altAnim":false,"bpm":180,"mustHitSection":true},{"sectionNotes":[],"lengthInSteps":16,"typeOfSection":0,"altAnim":false,"bpm":180,"mustHitSection":true},{"sectionNotes":[],"lengthInSteps":16,"typeOfSection":0,"altAnim":false,"bpm":180,"mustHitSection":true},{"sectionNotes":[],"lengthInSteps":16,"typeOfSection":0,"altAnim":false,"bpm":180,"mustHitSection":true},{"lengthInSteps":16,"typeOfSection":0,"sectionNotes":[],"altAnim":false,"bpm":180,"changeBPM":false,"mustHitSection":true},{"sectionNotes":[],"typeOfSection":0,"lengthInSteps":16,"altAnim":false,"mustHitSection":true,"changeBPM":false,"bpm":180},{"lengthInSteps":16,"altAnim":false,"typeOfSection":0,"sectionNotes":[],"bpm":180,"changeBPM":false,"mustHitSection":true}],"player2":"poly","isHey":false,"cutsceneType":"none","song":"bitwit","isSpooky":false,"validScore":true,"speed":2,"isMoody":false,"sectionLengths":[],"uiType":"normal","stage":"polynight","sections":0,"needsVoices":true,"gf":"gf","bpm":180}}