{"song":{"player1":"bf","player2":"poly","notes":[{"typeOfSection":0,"lengthInSteps":16,"sectionNotes":[],"altAnim":false,"mustHitSection":true,"bpm":180},{"typeOfSection":0,"lengthInSteps":16,"sectionNotes":[],"altAnim":false,"mustHitSection":true,"bpm":180},{"typeOfSection":0,"lengthInSteps":16,"sectionNotes":[],"altAnim":false,"mustHitSection":true,"bpm":180},{"typeOfSection":0,"lengthInSteps":16,"sectionNotes":[],"altAnim":false,"mustHitSection":true,"bpm":180},{"typeOfSection":0,"lengthInSteps":16,"sectionNotes":[],"altAnim":false,"mustHitSection":true,"bpm":180},{"typeOfSection":0,"lengthInSteps":16,"sectionNotes":[],"altAnim":false,"mustHitSection":true,"bpm":180},{"typeOfSection":0,"lengthInSteps":16,"sectionNotes":[[8000,2,0],[8500,1,0],[9000,1,0]],"altAnim":false,"mustHitSection":false,"bpm":180},{"typeOfSection":0,"lengthInSteps":16,"sectionNotes":[[9333.334,3,0],[9833.334,0,0],[10500,0,0],[10000,3,0]],"altAnim":false,"mustHitSection":false,"bpm":180},{"typeOfSection":0,"lengthInSteps":16,"sectionNotes":[[11333.334,0,0],[11000,2,0],[11500,0,0]],"altAnim":false,"mustHitSection":false,"bpm":180},{"typeOfSection":0,"lengthInSteps":16,"sectionNotes":[[12000,0,0],[12333.334,1,0],[12833.334,0,0],[13000,1,0]],"altAnim":false,"mustHitSection":false,"bpm":180},{"typeOfSection":0,"lengthInSteps":16,"sectionNotes":[[13333.334,0,0],[13833.334,3,0],[14500,1,0],[14000,0,0]],"altAnim":false,"mustHitSection":false,"bpm":180},{"typeOfSection":0,"lengthInSteps":16,"sectionNotes":[[14666.667,3,0],[15000,0,0],[15833.334,1,0],[15333.3333333333,2,0]],"altAnim":false,"mustHitSection":false,"bpm":180},{"typeOfSection":0,"lengthInSteps":16,"sectionNotes":[[16000,1,0],[16833.334,2,0]],"altAnim":false,"mustHitSection":true,"bpm":180},{"typeOfSection":0,"lengthInSteps":16,"sectionNotes":[[17333.334,3,0],[17833.334,0,0],[18333.334,2,0]],"altAnim":false,"mustHitSection":true,"bpm":180},{"typeOfSection":0,"lengthInSteps":16,"sectionNotes":[[19000,0,0],[19833.334,1,0],[18666.6666666667,0,0],[19333.3333333333,3,0],[19500,3,0]],"altAnim":false,"mustHitSection":true,"bpm":180},{"typeOfSection":0,"lengthInSteps":16,"sectionNotes":[[20000,3,0],[20333.334,1,0],[20833.334,1,0],[21000,3,0]],"altAnim":false,"mustHitSection":true,"bpm":180},{"typeOfSection":0,"lengthInSteps":16,"sectionNotes":[[21500,3,0],[22500,2,0],[21333.3333333333,0,0]],"altAnim":false,"mustHitSection":true,"bpm":180},{"typeOfSection":0,"lengthInSteps":16,"sectionNotes":[[22833.334,0,0],[23000,2,0],[23500,2,0],[23833.334,0,0]],"altAnim":false,"mustHitSection":true,"bpm":180},{"typeOfSection":0,"lengthInSteps":16,"sectionNotes":[[24000,0,0],[24333.334,3,0],[24666.667,1,0],[25000,0,0]],"altAnim":false,"mustHitSection":false,"bpm":180},{"typeOfSection":0,"lengthInSteps":16,"sectionNotes":[[25333.334,0,0],[25666.667,0,0],[26500,2,0],[26000,3,0]],"altAnim":false,"mustHitSection":false,"bpm":180},{"typeOfSection":0,"lengthInSteps":16,"sectionNotes":[[26666.667,2,0],[27500,1,0],[27833.3333333333,1,0],[27166.6666666667,0,0]],"altAnim":false,"mustHitSection":false,"bpm":180},{"typeOfSection":0,"lengthInSteps":16,"sectionNotes":[[28000,0,0],[28666.667,0,0],[29000,0,0]],"altAnim":false,"mustHitSection":true,"bpm":180},{"typeOfSection":0,"lengthInSteps":16,"sectionNotes":[[29666.667,0,0],[30000,2,0],[30166.6666666667,0,0]],"altAnim":false,"mustHitSection":true,"bpm":180},{"typeOfSection":0,"lengthInSteps":16,"sectionNotes":[[30666.667,2,0],[31500,1,0],[31000,0,0]],"altAnim":false,"mustHitSection":true,"bpm":180},{"typeOfSection":0,"lengthInSteps":16,"sectionNotes":[[32000,2,0],[32333.334,0,0],[32666.667,1,0],[33000,0,0]],"altAnim":false,"mustHitSection":false,"bpm":180},{"typeOfSection":0,"lengthInSteps":16,"sectionNotes":[[33333.334,1,0],[33666.667,2,0],[34000,3,0],[34333.334,1,0],[34500,3,0]],"altAnim":false,"mustHitSection":false,"bpm":180},{"typeOfSection":0,"lengthInSteps":16,"sectionNotes":[[34833.334,3,0],[35500,0,0],[35833.334,3,0],[35000,0,0]],"altAnim":false,"mustHitSection":false,"bpm":180},{"typeOfSection":0,"lengthInSteps":16,"sectionNotes":[[36333.334,0,0],[36666.667,1,0],[37000,0,0]],"altAnim":false,"mustHitSection":true,"bpm":180},{"typeOfSection":0,"lengthInSteps":16,"sectionNotes":[[37333.334,0,0],[37666.667,1,0],[38000,3,0],[38333.334,2,0]],"altAnim":false,"mustHitSection":true,"bpm":180},{"typeOfSection":0,"lengthInSteps":16,"sectionNotes":[[38666.667,2,0],[38833.3333333333,0,0],[39500,1,0],[39333.3333333333,1,0]],"altAnim":false,"mustHitSection":true,"bpm":180},{"typeOfSection":0,"lengthInSteps":16,"sectionNotes":[[40000,2,0],[40500,0,0],[40833.334,1,0],[41000,1,0]],"altAnim":false,"mustHitSection":false,"bpm":180},{"typeOfSection":0,"lengthInSteps":16,"sectionNotes":[[41333.334,0,0],[41833.334,1,0],[42000,0,0],[42333.334,3,0]],"altAnim":false,"mustHitSection":false,"bpm":180},{"typeOfSection":0,"lengthInSteps":16,"sectionNotes":[[42833.334,2,0],[43000,2,0],[43500,0,0],[43833.334,2,0]],"altAnim":false,"mustHitSection":false,"bpm":180},{"typeOfSection":0,"lengthInSteps":16,"sectionNotes":[[44500,0,0],[44833.334,2,0],[45166.6666666667,3,0]],"altAnim":false,"mustHitSection":false,"bpm":180},{"typeOfSection":0,"lengthInSteps":16,"sectionNotes":[[45500,3,0],[46000,1,0],[46166.667,1,0],[46500,0,0]],"altAnim":false,"mustHitSection":false,"bpm":180},{"typeOfSection":0,"lengthInSteps":16,"sectionNotes":[[47333.334,0,0],[47500,2,0],[47833.334,2,0],[47000,2,0]],"altAnim":false,"mustHitSection":false,"bpm":180},{"typeOfSection":0,"lengthInSteps":16,"sectionNotes":[[48000,0,0],[48500,0,0],[48833.3333333334,2,0]],"altAnim":false,"mustHitSection":true,"bpm":180},{"typeOfSection":0,"lengthInSteps":16,"sectionNotes":[[49500,0,0],[49833.334,2,0],[50333.334,3,0],[50500,1,0]],"altAnim":false,"mustHitSection":true,"bpm":180},{"typeOfSection":0,"lengthInSteps":16,"sectionNotes":[[51000,1,0],[51500,0,0],[51833.334,2,0]],"altAnim":false,"mustHitSection":true,"bpm":180},{"typeOfSection":0,"lengthInSteps":16,"sectionNotes":[[52500,0,0],[52833.334,2,0],[53000,0,0]],"altAnim":false,"mustHitSection":true,"bpm":180},{"typeOfSection":0,"lengthInSteps":16,"sectionNotes":[[54500,1,0],[53833.3333333334,0,0],[54333.3333333334,3,0],[53333.3333333334,1,0]],"altAnim":false,"mustHitSection":true,"bpm":180},{"typeOfSection":0,"lengthInSteps":16,"sectionNotes":[[55500,3,0],[55833.334,3,0],[54833.3333333334,3,0],[55166.6666666667,0,0]],"altAnim":false,"mustHitSection":true,"bpm":180},{"typeOfSection":0,"lengthInSteps":16,"sectionNotes":[[56000,2,0],[56500,1,0],[57000,3,0]],"altAnim":false,"mustHitSection":false,"bpm":180},{"typeOfSection":0,"lengthInSteps":16,"sectionNotes":[[57333.334,3,0],[57500,0,0],[57833.334,2,0],[58166.667,0,0],[58500,2,0]],"altAnim":false,"mustHitSection":false,"bpm":180},{"typeOfSection":0,"lengthInSteps":16,"sectionNotes":[[58666.667,0,0],[59000,2,0],[59333.334,3,0],[59833.334,1,0],[59500,0,0]],"altAnim":false,"mustHitSection":false,"bpm":180},{"typeOfSection":0,"lengthInSteps":16,"sectionNotes":[[60000,0,0],[60333.334,2,0],[60833.334,3,0],[61000,1,0]],"altAnim":false,"mustHitSection":false,"bpm":180},{"typeOfSection":0,"lengthInSteps":16,"sectionNotes":[[61333.334,0,0],[61500,1,0],[62166.667,0,0],[62000,3,0],[62500,2,0]],"altAnim":false,"mustHitSection":false,"bpm":180},{"typeOfSection":0,"lengthInSteps":16,"sectionNotes":[[62666.667,2,0],[63833.334,2,0],[63333.3333333334,1,0]],"altAnim":false,"mustHitSection":false,"bpm":180},{"typeOfSection":0,"lengthInSteps":16,"sectionNotes":[[64000,1,0],[64500,1,0],[64833.334,2,0]],"altAnim":false,"mustHitSection":true,"bpm":180},{"typeOfSection":0,"lengthInSteps":16,"sectionNotes":[[65333.334,3,0],[66000,1,0],[65833.3333333334,0,0],[66333.3333333334,3,0]],"altAnim":false,"mustHitSection":true,"bpm":180},{"typeOfSection":0,"lengthInSteps":16,"sectionNotes":[[66666.667,1,0],[67000,0,0],[67333.334,2,0]],"altAnim":false,"mustHitSection":true,"bpm":180},{"typeOfSection":0,"lengthInSteps":16,"sectionNotes":[[68000,3,0],[68333.334,1,0],[68833.334,1,0],[69000,3,0]],"altAnim":false,"mustHitSection":true,"bpm":180},{"typeOfSection":0,"lengthInSteps":16,"sectionNotes":[[69500,3,0],[69833.334,1,0],[70166.667,3,0],[70333.334,0,0]],"altAnim":false,"mustHitSection":true,"bpm":180},{"typeOfSection":0,"lengthInSteps":16,"sectionNotes":[[70833.334,0,0],[71000,3,0],[71333.334,0,0],[71500,2,0],[71833.334,0,0]],"altAnim":false,"mustHitSection":true,"bpm":180},{"typeOfSection":0,"lengthInSteps":16,"sectionNotes":[[72333.334,2,0],[72666.667,0,0],[73000,3,0]],"altAnim":false,"mustHitSection":false,"bpm":180},{"typeOfSection":0,"lengthInSteps":16,"sectionNotes":[[73333.334,0,0],[73666.667,1,0],[74000,2,0],[74333.334,0,0],[74500,2,0]],"altAnim":false,"mustHitSection":false,"bpm":180},{"typeOfSection":0,"lengthInSteps":16,"sectionNotes":[[75500,1,0],[75833.334,3,0],[75833.334,3,0],[75166.6666666667,3,0],[75000,1,0],[74833.3333333334,1,0]],"altAnim":false,"mustHitSection":false,"bpm":180},{"typeOfSection":0,"lengthInSteps":16,"sectionNotes":[[76000,0,0],[76666.667,0,0],[77000,0,0]],"altAnim":false,"mustHitSection":true,"bpm":180},{"typeOfSection":0,"lengthInSteps":16,"sectionNotes":[[77666.667,0,0],[78000,2,0],[78500,1,0]],"altAnim":false,"mustHitSection":true,"bpm":180},{"typeOfSection":0,"lengthInSteps":16,"sectionNotes":[[79000,2,0],[79500,1,0],[79833.3333333333,3,0]],"altAnim":false,"mustHitSection":true,"bpm":180},{"typeOfSection":0,"lengthInSteps":16,"sectionNotes":[[80333.334,1,0],[80666.667,2,0],[81000,3,0],[80000,2,0]],"altAnim":false,"mustHitSection":false,"bpm":180},{"typeOfSection":0,"lengthInSteps":16,"sectionNotes":[[81333.334,3,0],[81666.667,3,0],[82500,2,0],[82000,1,0]],"altAnim":false,"mustHitSection":false,"bpm":180},{"typeOfSection":0,"lengthInSteps":16,"sectionNotes":[[83166.667,1,0],[83500,3,0],[82833.3333333333,3,0],[83333.3333333333,3,0],[83833.3333333333,0,0]],"altAnim":false,"mustHitSection":false,"bpm":180},{"typeOfSection":0,"lengthInSteps":16,"sectionNotes":[[84333.334,0,0],[84666.667,1,0],[85000,0,0],[84000,0,0]],"altAnim":false,"mustHitSection":true,"bpm":180},{"typeOfSection":0,"lengthInSteps":16,"sectionNotes":[[85333.334,0,0],[85666.667,1,0],[86000,3,0],[86333.334,2,0],[86500,3,0]],"altAnim":false,"mustHitSection":true,"bpm":180},{"typeOfSection":0,"lengthInSteps":16,"sectionNotes":[[87166.667,3,0],[87833.334,1,0],[86833.3333333333,0,0],[87333.3333333333,0,0],[87500,0,0]],"altAnim":false,"mustHitSection":true,"bpm":180},{"typeOfSection":0,"lengthInSteps":16,"sectionNotes":[[88333.334,1,0],[88500,3,0],[89000,3,0]],"altAnim":false,"mustHitSection":false,"bpm":180},{"typeOfSection":0,"lengthInSteps":16,"sectionNotes":[[89333.334,2,0],[89833.334,1,0],[90166.667,1,0],[90500,2,0]],"altAnim":false,"mustHitSection":false,"bpm":180},{"typeOfSection":0,"lengthInSteps":16,"sectionNotes":[[90666.667,3,0],[91000,0,0],[91333.334,0,0],[91833.334,1,0],[91500,3,0]],"altAnim":false,"mustHitSection":false,"bpm":180},{"typeOfSection":0,"lengthInSteps":16,"sectionNotes":[[92333.334,2,0],[92500,2,0],[92833.334,0,0],[93000,3,0]],"altAnim":false,"mustHitSection":false,"bpm":180},{"typeOfSection":0,"lengthInSteps":16,"sectionNotes":[[93333.334,3,0],[93833.334,2,0],[94333.334,2,0],[94500,3,0],[93500,0,0]],"altAnim":false,"mustHitSection":false,"bpm":180},{"typeOfSection":0,"lengthInSteps":16,"sectionNotes":[[95000,3,0],[95500,1,0],[95833.334,3,0]],"altAnim":false,"mustHitSection":false,"bpm":180},{"typeOfSection":0,"lengthInSteps":16,"sectionNotes":[[96333.334,2,0],[96833.334,2,0],[96999.9999999999,0,0]],"altAnim":false,"mustHitSection":true,"bpm":180},{"typeOfSection":0,"lengthInSteps":16,"sectionNotes":[[97500,2,0],[97833.334,0,0],[98333.334,2,0],[97999.9999999999,1,0],[98499.9999999999,2,0]],"altAnim":false,"mustHitSection":true,"bpm":180},{"typeOfSection":0,"lengthInSteps":16,"sectionNotes":[[98666.667,1,0],[99000,0,0],[99500,0,0],[99833.334,1,0],[99333.3333333333,3,0]],"altAnim":false,"mustHitSection":true,"bpm":180},{"typeOfSection":0,"lengthInSteps":16,"sectionNotes":[[100500,3,0],[100333.333333333,0,0],[99999.9999999999,1,0],[100833.333333333,2,0],[101000,2,0]],"altAnim":false,"mustHitSection":true,"bpm":180},{"typeOfSection":0,"lengthInSteps":16,"sectionNotes":[[101333.334,1,0],[101500,3,0],[102000,2,0],[102166.666666667,2,0],[102500,2,83.3333333333333]],"altAnim":false,"mustHitSection":true,"bpm":180},{"typeOfSection":0,"lengthInSteps":16,"sectionNotes":[[102666.667,3,0],[102833.334,0,0],[103333.334,0,0],[103500,2,0],[103833.334,0,0]],"altAnim":false,"mustHitSection":true,"bpm":180},{"typeOfSection":0,"lengthInSteps":16,"sectionNotes":[],"altAnim":false,"mustHitSection":true,"bpm":180},{"typeOfSection":0,"lengthInSteps":16,"sectionNotes":[],"altAnim":false,"mustHitSection":true,"bpm":180},{"typeOfSection":0,"lengthInSteps":16,"sectionNotes":[],"altAnim":false,"mustHitSection":true,"bpm":180},{"typeOfSection":0,"lengthInSteps":16,"sectionNotes":[],"altAnim":false,"mustHitSection":true,"bpm":180},{"typeOfSection":0,"lengthInSteps":16,"sectionNotes":[],"altAnim":false,"mustHitSection":true,"bpm":180},{"typeOfSection":0,"lengthInSteps":16,"sectionNotes":[],"altAnim":false,"mustHitSection":true,"bpm":180},{"typeOfSection":0,"lengthInSteps":16,"sectionNotes":[],"altAnim":false,"mustHitSection":true,"bpm":180},{"typeOfSection":0,"lengthInSteps":16,"sectionNotes":[],"altAnim":false,"mustHitSection":true,"bpm":180},{"typeOfSection":0,"lengthInSteps":16,"sectionNotes":[],"altAnim":false,"mustHitSection":true,"bpm":180},{"typeOfSection":0,"lengthInSteps":16,"sectionNotes":[],"altAnim":false,"mustHitSection":true,"bpm":180},{"typeOfSection":0,"lengthInSteps":16,"sectionNotes":[],"altAnim":false,"mustHitSection":true,"bpm":180},{"typeOfSection":0,"lengthInSteps":16,"sectionNotes":[],"altAnim":false,"mustHitSection":true,"bpm":180},{"typeOfSection":0,"lengthInSteps":16,"sectionNotes":[],"altAnim":false,"mustHitSection":true,"bpm":180},{"typeOfSection":0,"lengthInSteps":16,"sectionNotes":[],"altAnim":false,"mustHitSection":true,"bpm":180},{"typeOfSection":0,"lengthInSteps":16,"sectionNotes":[],"altAnim":false,"mustHitSection":true,"bpm":180},{"typeOfSection":0,"lengthInSteps":16,"sectionNotes":[],"altAnim":false,"mustHitSection":true,"bpm":180},{"typeOfSection":0,"lengthInSteps":16,"sectionNotes":[],"altAnim":false,"mustHitSection":true,"bpm":180},{"typeOfSection":0,"lengthInSteps":16,"sectionNotes":[],"altAnim":false,"mustHitSection":true,"bpm":180},{"typeOfSection":0,"lengthInSteps":16,"sectionNotes":[],"altAnim":false,"mustHitSection":true,"bpm":180},{"typeOfSection":0,"lengthInSteps":16,"sectionNotes":[],"altAnim":false,"mustHitSection":true,"bpm":180},{"typeOfSection":0,"lengthInSteps":16,"sectionNotes":[],"altAnim":false,"mustHitSection":true,"bpm":180},{"typeOfSection":0,"lengthInSteps":16,"sectionNotes":[],"altAnim":false,"mustHitSection":true,"bpm":180},{"typeOfSection":0,"lengthInSteps":16,"sectionNotes":[],"altAnim":false,"mustHitSection":true,"bpm":180},{"typeOfSection":0,"lengthInSteps":16,"sectionNotes":[],"altAnim":false,"mustHitSection":true,"bpm":180},{"typeOfSection":0,"lengthInSteps":16,"sectionNotes":[],"altAnim":false,"mustHitSection":true,"bpm":180},{"typeOfSection":0,"lengthInSteps":16,"sectionNotes":[],"altAnim":false,"mustHitSection":true,"bpm":180},{"typeOfSection":0,"lengthInSteps":16,"sectionNotes":[],"altAnim":false,"mustHitSection":true,"bpm":180},{"typeOfSection":0,"lengthInSteps":16,"sectionNotes":[],"altAnim":false,"mustHitSection":true,"bpm":180},{"typeOfSection":0,"lengthInSteps":16,"sectionNotes":[],"altAnim":false,"mustHitSection":true,"bpm":180},{"typeOfSection":0,"lengthInSteps":16,"sectionNotes":[],"altAnim":false,"mustHitSection":true,"bpm":180},{"typeOfSection":0,"lengthInSteps":16,"sectionNotes":[],"altAnim":false,"mustHitSection":true,"bpm":180},{"typeOfSection":0,"lengthInSteps":16,"sectionNotes":[],"altAnim":false,"mustHitSection":true,"bpm":180},{"typeOfSection":0,"lengthInSteps":16,"sectionNotes":[],"altAnim":false,"mustHitSection":true,"bpm":180},{"typeOfSection":0,"lengthInSteps":16,"sectionNotes":[],"altAnim":false,"mustHitSection":true,"bpm":180},{"typeOfSection":0,"lengthInSteps":16,"sectionNotes":[],"altAnim":false,"mustHitSection":true,"bpm":180},{"typeOfSection":0,"lengthInSteps":16,"sectionNotes":[],"altAnim":false,"mustHitSection":true,"bpm":180},{"typeOfSection":0,"lengthInSteps":16,"sectionNotes":[],"altAnim":false,"mustHitSection":true,"bpm":180},{"typeOfSection":0,"lengthInSteps":16,"sectionNotes":[],"altAnim":false,"mustHitSection":true,"bpm":180},{"sectionNotes":[],"typeOfSection":0,"lengthInSteps":16,"altAnim":false,"mustHitSection":true,"changeBPM":false,"bpm":180},{"lengthInSteps":16,"typeOfSection":0,"sectionNotes":[],"altAnim":false,"bpm":180,"changeBPM":false,"mustHitSection":true},{"sectionNotes":[],"typeOfSection":0,"lengthInSteps":16,"altAnim":false,"mustHitSection":true,"changeBPM":false,"bpm":180},{"lengthInSteps":16,"altAnim":false,"typeOfSection":0,"sectionNotes":[],"bpm":180,"changeBPM":false,"mustHitSection":true}],"isHey":false,"cutsceneType":"none","song":"bitwit","isSpooky":false,"validScore":true,"speed":2,"isMoody":false,"sectionLengths":[],"uiType":"normal","stage":"polynight","sections":0,"needsVoices":true,"bpm":180,"gf":"gf"}}