﻿<?xml version="1.0" encoding="utf-8"?>
<TextureAtlas imagePath="logoBumpin.png">
	<!-- Created with Adobe Animate version 21.0.6.41649 -->
	<!-- http://www.adobe.com/products/animate.html -->
	<SubTexture name="logo bumpin0000" x="0" y="0" width="1153" height="688" frameX="-54" frameY="-16" frameWidth="1256" frameHeight="732"/>
	<SubTexture name="logo bumpin0001" x="1153" y="0" width="1256" height="732"/>
	<SubTexture name="logo bumpin0002" x="1153" y="0" width="1256" height="732"/>
	<SubTexture name="logo bumpin0003" x="2409" y="0" width="1178" height="708" frameX="-41" frameY="-10" frameWidth="1256" frameHeight="732"/>
	<SubTexture name="logo bumpin0004" x="2409" y="0" width="1178" height="708" frameX="-41" frameY="-10" frameWidth="1256" frameHeight="732"/>
	<SubTexture name="logo bumpin0005" x="0" y="732" width="1156" height="701" frameX="-52" frameY="-12" frameWidth="1256" frameHeight="732"/>
	<SubTexture name="logo bumpin0006" x="0" y="732" width="1156" height="701" frameX="-52" frameY="-12" frameWidth="1256" frameHeight="732"/>
	<SubTexture name="logo bumpin0007" x="0" y="732" width="1156" height="701" frameX="-52" frameY="-12" frameWidth="1256" frameHeight="732"/>
	<SubTexture name="logo bumpin0008" x="0" y="732" width="1156" height="701" frameX="-52" frameY="-12" frameWidth="1256" frameHeight="732"/>
	<SubTexture name="logo bumpin0009" x="0" y="732" width="1156" height="701" frameX="-52" frameY="-12" frameWidth="1256" frameHeight="732"/>
	<SubTexture name="logo bumpin0010" x="0" y="732" width="1156" height="701" frameX="-52" frameY="-12" frameWidth="1256" frameHeight="732"/>
	<SubTexture name="logo bumpin0011" x="0" y="732" width="1156" height="701" frameX="-52" frameY="-12" frameWidth="1256" frameHeight="732"/>
	<SubTexture name="logo bumpin0012" x="0" y="732" width="1156" height="701" frameX="-52" frameY="-12" frameWidth="1256" frameHeight="732"/>
	<SubTexture name="logo bumpin0013" x="0" y="732" width="1156" height="701" frameX="-52" frameY="-12" frameWidth="1256" frameHeight="732"/>
	<SubTexture name="logo bumpin0014" x="0" y="732" width="1156" height="701" frameX="-52" frameY="-12" frameWidth="1256" frameHeight="732"/>
</TextureAtlas>
